--
-- PostgreSQL database dump
--

-- Dumped from database version 10.12 (Ubuntu 10.12-0ubuntu0.18.04.1)
-- Dumped by pg_dump version 10.12 (Ubuntu 10.12-0ubuntu0.18.04.1)

SET statement_timeout = 0;
SET lock_timeout = 0;
SET idle_in_transaction_session_timeout = 0;
SET client_encoding = 'UTF8';
SET standard_conforming_strings = on;
SELECT pg_catalog.set_config('search_path', '', false);
SET check_function_bodies = false;
SET xmloption = content;
SET client_min_messages = warning;
SET row_security = off;

--
-- Name: plpgsql; Type: EXTENSION; Schema: -; Owner: 
--

CREATE EXTENSION IF NOT EXISTS plpgsql WITH SCHEMA pg_catalog;


--
-- Name: EXTENSION plpgsql; Type: COMMENT; Schema: -; Owner: 
--

COMMENT ON EXTENSION plpgsql IS 'PL/pgSQL procedural language';


SET default_tablespace = '';

SET default_with_oids = false;

--
-- Name: auth_group; Type: TABLE; Schema: public; Owner: postgres
--

CREATE TABLE public.auth_group (
    id integer NOT NULL,
    name character varying(150) NOT NULL
);


ALTER TABLE public.auth_group OWNER TO postgres;

--
-- Name: auth_group_id_seq; Type: SEQUENCE; Schema: public; Owner: postgres
--

CREATE SEQUENCE public.auth_group_id_seq
    AS integer
    START WITH 1
    INCREMENT BY 1
    NO MINVALUE
    NO MAXVALUE
    CACHE 1;


ALTER TABLE public.auth_group_id_seq OWNER TO postgres;

--
-- Name: auth_group_id_seq; Type: SEQUENCE OWNED BY; Schema: public; Owner: postgres
--

ALTER SEQUENCE public.auth_group_id_seq OWNED BY public.auth_group.id;


--
-- Name: auth_group_permissions; Type: TABLE; Schema: public; Owner: postgres
--

CREATE TABLE public.auth_group_permissions (
    id integer NOT NULL,
    group_id integer NOT NULL,
    permission_id integer NOT NULL
);


ALTER TABLE public.auth_group_permissions OWNER TO postgres;

--
-- Name: auth_group_permissions_id_seq; Type: SEQUENCE; Schema: public; Owner: postgres
--

CREATE SEQUENCE public.auth_group_permissions_id_seq
    AS integer
    START WITH 1
    INCREMENT BY 1
    NO MINVALUE
    NO MAXVALUE
    CACHE 1;


ALTER TABLE public.auth_group_permissions_id_seq OWNER TO postgres;

--
-- Name: auth_group_permissions_id_seq; Type: SEQUENCE OWNED BY; Schema: public; Owner: postgres
--

ALTER SEQUENCE public.auth_group_permissions_id_seq OWNED BY public.auth_group_permissions.id;


--
-- Name: auth_permission; Type: TABLE; Schema: public; Owner: postgres
--

CREATE TABLE public.auth_permission (
    id integer NOT NULL,
    name character varying(255) NOT NULL,
    content_type_id integer NOT NULL,
    codename character varying(100) NOT NULL
);


ALTER TABLE public.auth_permission OWNER TO postgres;

--
-- Name: auth_permission_id_seq; Type: SEQUENCE; Schema: public; Owner: postgres
--

CREATE SEQUENCE public.auth_permission_id_seq
    AS integer
    START WITH 1
    INCREMENT BY 1
    NO MINVALUE
    NO MAXVALUE
    CACHE 1;


ALTER TABLE public.auth_permission_id_seq OWNER TO postgres;

--
-- Name: auth_permission_id_seq; Type: SEQUENCE OWNED BY; Schema: public; Owner: postgres
--

ALTER SEQUENCE public.auth_permission_id_seq OWNED BY public.auth_permission.id;


--
-- Name: auth_user; Type: TABLE; Schema: public; Owner: postgres
--

CREATE TABLE public.auth_user (
    id integer NOT NULL,
    password character varying(128) NOT NULL,
    last_login timestamp with time zone,
    is_superuser boolean NOT NULL,
    username character varying(150) NOT NULL,
    first_name character varying(30) NOT NULL,
    last_name character varying(150) NOT NULL,
    email character varying(254) NOT NULL,
    is_staff boolean NOT NULL,
    is_active boolean NOT NULL,
    date_joined timestamp with time zone NOT NULL
);


ALTER TABLE public.auth_user OWNER TO postgres;

--
-- Name: auth_user_groups; Type: TABLE; Schema: public; Owner: postgres
--

CREATE TABLE public.auth_user_groups (
    id integer NOT NULL,
    user_id integer NOT NULL,
    group_id integer NOT NULL
);


ALTER TABLE public.auth_user_groups OWNER TO postgres;

--
-- Name: auth_user_groups_id_seq; Type: SEQUENCE; Schema: public; Owner: postgres
--

CREATE SEQUENCE public.auth_user_groups_id_seq
    AS integer
    START WITH 1
    INCREMENT BY 1
    NO MINVALUE
    NO MAXVALUE
    CACHE 1;


ALTER TABLE public.auth_user_groups_id_seq OWNER TO postgres;

--
-- Name: auth_user_groups_id_seq; Type: SEQUENCE OWNED BY; Schema: public; Owner: postgres
--

ALTER SEQUENCE public.auth_user_groups_id_seq OWNED BY public.auth_user_groups.id;


--
-- Name: auth_user_id_seq; Type: SEQUENCE; Schema: public; Owner: postgres
--

CREATE SEQUENCE public.auth_user_id_seq
    AS integer
    START WITH 1
    INCREMENT BY 1
    NO MINVALUE
    NO MAXVALUE
    CACHE 1;


ALTER TABLE public.auth_user_id_seq OWNER TO postgres;

--
-- Name: auth_user_id_seq; Type: SEQUENCE OWNED BY; Schema: public; Owner: postgres
--

ALTER SEQUENCE public.auth_user_id_seq OWNED BY public.auth_user.id;


--
-- Name: auth_user_user_permissions; Type: TABLE; Schema: public; Owner: postgres
--

CREATE TABLE public.auth_user_user_permissions (
    id integer NOT NULL,
    user_id integer NOT NULL,
    permission_id integer NOT NULL
);


ALTER TABLE public.auth_user_user_permissions OWNER TO postgres;

--
-- Name: auth_user_user_permissions_id_seq; Type: SEQUENCE; Schema: public; Owner: postgres
--

CREATE SEQUENCE public.auth_user_user_permissions_id_seq
    AS integer
    START WITH 1
    INCREMENT BY 1
    NO MINVALUE
    NO MAXVALUE
    CACHE 1;


ALTER TABLE public.auth_user_user_permissions_id_seq OWNER TO postgres;

--
-- Name: auth_user_user_permissions_id_seq; Type: SEQUENCE OWNED BY; Schema: public; Owner: postgres
--

ALTER SEQUENCE public.auth_user_user_permissions_id_seq OWNED BY public.auth_user_user_permissions.id;


--
-- Name: django_admin_log; Type: TABLE; Schema: public; Owner: postgres
--

CREATE TABLE public.django_admin_log (
    id integer NOT NULL,
    action_time timestamp with time zone NOT NULL,
    object_id text,
    object_repr character varying(200) NOT NULL,
    action_flag smallint NOT NULL,
    change_message text NOT NULL,
    content_type_id integer,
    user_id integer NOT NULL,
    CONSTRAINT django_admin_log_action_flag_check CHECK ((action_flag >= 0))
);


ALTER TABLE public.django_admin_log OWNER TO postgres;

--
-- Name: django_admin_log_id_seq; Type: SEQUENCE; Schema: public; Owner: postgres
--

CREATE SEQUENCE public.django_admin_log_id_seq
    AS integer
    START WITH 1
    INCREMENT BY 1
    NO MINVALUE
    NO MAXVALUE
    CACHE 1;


ALTER TABLE public.django_admin_log_id_seq OWNER TO postgres;

--
-- Name: django_admin_log_id_seq; Type: SEQUENCE OWNED BY; Schema: public; Owner: postgres
--

ALTER SEQUENCE public.django_admin_log_id_seq OWNED BY public.django_admin_log.id;


--
-- Name: django_content_type; Type: TABLE; Schema: public; Owner: postgres
--

CREATE TABLE public.django_content_type (
    id integer NOT NULL,
    app_label character varying(100) NOT NULL,
    model character varying(100) NOT NULL
);


ALTER TABLE public.django_content_type OWNER TO postgres;

--
-- Name: django_content_type_id_seq; Type: SEQUENCE; Schema: public; Owner: postgres
--

CREATE SEQUENCE public.django_content_type_id_seq
    AS integer
    START WITH 1
    INCREMENT BY 1
    NO MINVALUE
    NO MAXVALUE
    CACHE 1;


ALTER TABLE public.django_content_type_id_seq OWNER TO postgres;

--
-- Name: django_content_type_id_seq; Type: SEQUENCE OWNED BY; Schema: public; Owner: postgres
--

ALTER SEQUENCE public.django_content_type_id_seq OWNED BY public.django_content_type.id;


--
-- Name: django_migrations; Type: TABLE; Schema: public; Owner: postgres
--

CREATE TABLE public.django_migrations (
    id integer NOT NULL,
    app character varying(255) NOT NULL,
    name character varying(255) NOT NULL,
    applied timestamp with time zone NOT NULL
);


ALTER TABLE public.django_migrations OWNER TO postgres;

--
-- Name: django_migrations_id_seq; Type: SEQUENCE; Schema: public; Owner: postgres
--

CREATE SEQUENCE public.django_migrations_id_seq
    AS integer
    START WITH 1
    INCREMENT BY 1
    NO MINVALUE
    NO MAXVALUE
    CACHE 1;


ALTER TABLE public.django_migrations_id_seq OWNER TO postgres;

--
-- Name: django_migrations_id_seq; Type: SEQUENCE OWNED BY; Schema: public; Owner: postgres
--

ALTER SEQUENCE public.django_migrations_id_seq OWNED BY public.django_migrations.id;


--
-- Name: django_session; Type: TABLE; Schema: public; Owner: postgres
--

CREATE TABLE public.django_session (
    session_key character varying(40) NOT NULL,
    session_data text NOT NULL,
    expire_date timestamp with time zone NOT NULL
);


ALTER TABLE public.django_session OWNER TO postgres;

--
-- Name: travel_planner_app_airport; Type: TABLE; Schema: public; Owner: postgres
--

CREATE TABLE public.travel_planner_app_airport (
    id integer NOT NULL,
    name character varying(64) NOT NULL,
    "IATA_code" character varying(6) NOT NULL,
    city_id integer NOT NULL
);


ALTER TABLE public.travel_planner_app_airport OWNER TO postgres;

--
-- Name: travel_planner_app_airport_id_seq; Type: SEQUENCE; Schema: public; Owner: postgres
--

CREATE SEQUENCE public.travel_planner_app_airport_id_seq
    AS integer
    START WITH 1
    INCREMENT BY 1
    NO MINVALUE
    NO MAXVALUE
    CACHE 1;


ALTER TABLE public.travel_planner_app_airport_id_seq OWNER TO postgres;

--
-- Name: travel_planner_app_airport_id_seq; Type: SEQUENCE OWNED BY; Schema: public; Owner: postgres
--

ALTER SEQUENCE public.travel_planner_app_airport_id_seq OWNED BY public.travel_planner_app_airport.id;


--
-- Name: travel_planner_app_city; Type: TABLE; Schema: public; Owner: postgres
--

CREATE TABLE public.travel_planner_app_city (
    id integer NOT NULL,
    name character varying(64) NOT NULL,
    country_id integer NOT NULL
);


ALTER TABLE public.travel_planner_app_city OWNER TO postgres;

--
-- Name: travel_planner_app_city_id_seq; Type: SEQUENCE; Schema: public; Owner: postgres
--

CREATE SEQUENCE public.travel_planner_app_city_id_seq
    AS integer
    START WITH 1
    INCREMENT BY 1
    NO MINVALUE
    NO MAXVALUE
    CACHE 1;


ALTER TABLE public.travel_planner_app_city_id_seq OWNER TO postgres;

--
-- Name: travel_planner_app_city_id_seq; Type: SEQUENCE OWNED BY; Schema: public; Owner: postgres
--

ALTER SEQUENCE public.travel_planner_app_city_id_seq OWNED BY public.travel_planner_app_city.id;


--
-- Name: travel_planner_app_country; Type: TABLE; Schema: public; Owner: postgres
--

CREATE TABLE public.travel_planner_app_country (
    id integer NOT NULL,
    name character varying(64) NOT NULL,
    time_to_obtain_visa integer,
    advance_days_required integer NOT NULL
);


ALTER TABLE public.travel_planner_app_country OWNER TO postgres;

--
-- Name: travel_planner_app_country_id_seq; Type: SEQUENCE; Schema: public; Owner: postgres
--

CREATE SEQUENCE public.travel_planner_app_country_id_seq
    AS integer
    START WITH 1
    INCREMENT BY 1
    NO MINVALUE
    NO MAXVALUE
    CACHE 1;


ALTER TABLE public.travel_planner_app_country_id_seq OWNER TO postgres;

--
-- Name: travel_planner_app_country_id_seq; Type: SEQUENCE OWNED BY; Schema: public; Owner: postgres
--

ALTER SEQUENCE public.travel_planner_app_country_id_seq OWNED BY public.travel_planner_app_country.id;


--
-- Name: travel_planner_app_employee; Type: TABLE; Schema: public; Owner: postgres
--

CREATE TABLE public.travel_planner_app_employee (
    id integer NOT NULL,
    forename character varying(64) NOT NULL,
    surname character varying(64) NOT NULL,
    passport_no character varying(128) NOT NULL,
    nationality character varying(128) NOT NULL,
    residence_country character varying(128) NOT NULL,
    residence_city character varying(128) NOT NULL,
    address text NOT NULL,
    phone character varying(128) NOT NULL,
    email character varying(254) NOT NULL,
    birthday date NOT NULL,
    passport_validity date NOT NULL,
    user_id integer
);


ALTER TABLE public.travel_planner_app_employee OWNER TO postgres;

--
-- Name: travel_planner_app_employee_id_seq; Type: SEQUENCE; Schema: public; Owner: postgres
--

CREATE SEQUENCE public.travel_planner_app_employee_id_seq
    AS integer
    START WITH 1
    INCREMENT BY 1
    NO MINVALUE
    NO MAXVALUE
    CACHE 1;


ALTER TABLE public.travel_planner_app_employee_id_seq OWNER TO postgres;

--
-- Name: travel_planner_app_employee_id_seq; Type: SEQUENCE OWNED BY; Schema: public; Owner: postgres
--

ALTER SEQUENCE public.travel_planner_app_employee_id_seq OWNED BY public.travel_planner_app_employee.id;


--
-- Name: travel_planner_app_hotel; Type: TABLE; Schema: public; Owner: postgres
--

CREATE TABLE public.travel_planner_app_hotel (
    id integer NOT NULL,
    name character varying(64) NOT NULL,
    address character varying(128) NOT NULL,
    phone character varying(30),
    cost_per_night numeric(5,2) NOT NULL,
    city_id integer NOT NULL,
    email character varying(254)
);


ALTER TABLE public.travel_planner_app_hotel OWNER TO postgres;

--
-- Name: travel_planner_app_hotel_id_seq; Type: SEQUENCE; Schema: public; Owner: postgres
--

CREATE SEQUENCE public.travel_planner_app_hotel_id_seq
    AS integer
    START WITH 1
    INCREMENT BY 1
    NO MINVALUE
    NO MAXVALUE
    CACHE 1;


ALTER TABLE public.travel_planner_app_hotel_id_seq OWNER TO postgres;

--
-- Name: travel_planner_app_hotel_id_seq; Type: SEQUENCE OWNED BY; Schema: public; Owner: postgres
--

ALTER SEQUENCE public.travel_planner_app_hotel_id_seq OWNED BY public.travel_planner_app_hotel.id;


--
-- Name: travel_planner_app_hotelbooking; Type: TABLE; Schema: public; Owner: postgres
--

CREATE TABLE public.travel_planner_app_hotelbooking (
    id integer NOT NULL,
    check_in date NOT NULL,
    check_out date NOT NULL,
    hotel_id integer NOT NULL,
    travel_booking_summary_id integer NOT NULL
);


ALTER TABLE public.travel_planner_app_hotelbooking OWNER TO postgres;

--
-- Name: travel_planner_app_hotelbooking_id_seq; Type: SEQUENCE; Schema: public; Owner: postgres
--

CREATE SEQUENCE public.travel_planner_app_hotelbooking_id_seq
    AS integer
    START WITH 1
    INCREMENT BY 1
    NO MINVALUE
    NO MAXVALUE
    CACHE 1;


ALTER TABLE public.travel_planner_app_hotelbooking_id_seq OWNER TO postgres;

--
-- Name: travel_planner_app_hotelbooking_id_seq; Type: SEQUENCE OWNED BY; Schema: public; Owner: postgres
--

ALTER SEQUENCE public.travel_planner_app_hotelbooking_id_seq OWNED BY public.travel_planner_app_hotelbooking.id;


--
-- Name: travel_planner_app_ticket; Type: TABLE; Schema: public; Owner: postgres
--

CREATE TABLE public.travel_planner_app_ticket (
    id integer NOT NULL,
    travel_date_start date NOT NULL,
    travel_date_end date NOT NULL,
    airport_departure character varying(128) NOT NULL,
    airport_arrival character varying(128) NOT NULL,
    ticket_cost numeric(5,2) NOT NULL,
    supervisor_approval boolean NOT NULL,
    travel_booking_summary_id integer NOT NULL
);


ALTER TABLE public.travel_planner_app_ticket OWNER TO postgres;

--
-- Name: travel_planner_app_ticket_id_seq; Type: SEQUENCE; Schema: public; Owner: postgres
--

CREATE SEQUENCE public.travel_planner_app_ticket_id_seq
    AS integer
    START WITH 1
    INCREMENT BY 1
    NO MINVALUE
    NO MAXVALUE
    CACHE 1;


ALTER TABLE public.travel_planner_app_ticket_id_seq OWNER TO postgres;

--
-- Name: travel_planner_app_ticket_id_seq; Type: SEQUENCE OWNED BY; Schema: public; Owner: postgres
--

ALTER SEQUENCE public.travel_planner_app_ticket_id_seq OWNED BY public.travel_planner_app_ticket.id;


--
-- Name: travel_planner_app_travelbookingsummary; Type: TABLE; Schema: public; Owner: postgres
--

CREATE TABLE public.travel_planner_app_travelbookingsummary (
    id integer NOT NULL,
    employee_comment text,
    supervisor_comment text,
    travel_calendar_id integer NOT NULL
);


ALTER TABLE public.travel_planner_app_travelbookingsummary OWNER TO postgres;

--
-- Name: travel_planner_app_travelbookingsummary_id_seq; Type: SEQUENCE; Schema: public; Owner: postgres
--

CREATE SEQUENCE public.travel_planner_app_travelbookingsummary_id_seq
    AS integer
    START WITH 1
    INCREMENT BY 1
    NO MINVALUE
    NO MAXVALUE
    CACHE 1;


ALTER TABLE public.travel_planner_app_travelbookingsummary_id_seq OWNER TO postgres;

--
-- Name: travel_planner_app_travelbookingsummary_id_seq; Type: SEQUENCE OWNED BY; Schema: public; Owner: postgres
--

ALTER SEQUENCE public.travel_planner_app_travelbookingsummary_id_seq OWNED BY public.travel_planner_app_travelbookingsummary.id;


--
-- Name: travel_planner_app_travelcalendar; Type: TABLE; Schema: public; Owner: postgres
--

CREATE TABLE public.travel_planner_app_travelcalendar (
    id integer NOT NULL,
    travel_date_start date NOT NULL,
    travel_date_end date NOT NULL,
    city_destination character varying(64) NOT NULL,
    country_destination character varying(64) NOT NULL,
    travel_purpose_description text,
    employee_approval boolean,
    supervisor_approval boolean,
    notification_advance integer NOT NULL,
    city_from_id integer NOT NULL,
    employee_id integer NOT NULL
);


ALTER TABLE public.travel_planner_app_travelcalendar OWNER TO postgres;

--
-- Name: travel_planner_app_travelcalendar_id_seq; Type: SEQUENCE; Schema: public; Owner: postgres
--

CREATE SEQUENCE public.travel_planner_app_travelcalendar_id_seq
    AS integer
    START WITH 1
    INCREMENT BY 1
    NO MINVALUE
    NO MAXVALUE
    CACHE 1;


ALTER TABLE public.travel_planner_app_travelcalendar_id_seq OWNER TO postgres;

--
-- Name: travel_planner_app_travelcalendar_id_seq; Type: SEQUENCE OWNED BY; Schema: public; Owner: postgres
--

ALTER SEQUENCE public.travel_planner_app_travelcalendar_id_seq OWNED BY public.travel_planner_app_travelcalendar.id;


--
-- Name: travel_planner_app_visa; Type: TABLE; Schema: public; Owner: postgres
--

CREATE TABLE public.travel_planner_app_visa (
    id integer NOT NULL,
    issued_on date NOT NULL,
    validity_days integer NOT NULL,
    extension_option boolean,
    visa_cost numeric(5,2) NOT NULL,
    travel_booking_summary_id integer NOT NULL
);


ALTER TABLE public.travel_planner_app_visa OWNER TO postgres;

--
-- Name: travel_planner_app_visa_id_seq; Type: SEQUENCE; Schema: public; Owner: postgres
--

CREATE SEQUENCE public.travel_planner_app_visa_id_seq
    AS integer
    START WITH 1
    INCREMENT BY 1
    NO MINVALUE
    NO MAXVALUE
    CACHE 1;


ALTER TABLE public.travel_planner_app_visa_id_seq OWNER TO postgres;

--
-- Name: travel_planner_app_visa_id_seq; Type: SEQUENCE OWNED BY; Schema: public; Owner: postgres
--

ALTER SEQUENCE public.travel_planner_app_visa_id_seq OWNED BY public.travel_planner_app_visa.id;


--
-- Name: auth_group id; Type: DEFAULT; Schema: public; Owner: postgres
--

ALTER TABLE ONLY public.auth_group ALTER COLUMN id SET DEFAULT nextval('public.auth_group_id_seq'::regclass);


--
-- Name: auth_group_permissions id; Type: DEFAULT; Schema: public; Owner: postgres
--

ALTER TABLE ONLY public.auth_group_permissions ALTER COLUMN id SET DEFAULT nextval('public.auth_group_permissions_id_seq'::regclass);


--
-- Name: auth_permission id; Type: DEFAULT; Schema: public; Owner: postgres
--

ALTER TABLE ONLY public.auth_permission ALTER COLUMN id SET DEFAULT nextval('public.auth_permission_id_seq'::regclass);


--
-- Name: auth_user id; Type: DEFAULT; Schema: public; Owner: postgres
--

ALTER TABLE ONLY public.auth_user ALTER COLUMN id SET DEFAULT nextval('public.auth_user_id_seq'::regclass);


--
-- Name: auth_user_groups id; Type: DEFAULT; Schema: public; Owner: postgres
--

ALTER TABLE ONLY public.auth_user_groups ALTER COLUMN id SET DEFAULT nextval('public.auth_user_groups_id_seq'::regclass);


--
-- Name: auth_user_user_permissions id; Type: DEFAULT; Schema: public; Owner: postgres
--

ALTER TABLE ONLY public.auth_user_user_permissions ALTER COLUMN id SET DEFAULT nextval('public.auth_user_user_permissions_id_seq'::regclass);


--
-- Name: django_admin_log id; Type: DEFAULT; Schema: public; Owner: postgres
--

ALTER TABLE ONLY public.django_admin_log ALTER COLUMN id SET DEFAULT nextval('public.django_admin_log_id_seq'::regclass);


--
-- Name: django_content_type id; Type: DEFAULT; Schema: public; Owner: postgres
--

ALTER TABLE ONLY public.django_content_type ALTER COLUMN id SET DEFAULT nextval('public.django_content_type_id_seq'::regclass);


--
-- Name: django_migrations id; Type: DEFAULT; Schema: public; Owner: postgres
--

ALTER TABLE ONLY public.django_migrations ALTER COLUMN id SET DEFAULT nextval('public.django_migrations_id_seq'::regclass);


--
-- Name: travel_planner_app_airport id; Type: DEFAULT; Schema: public; Owner: postgres
--

ALTER TABLE ONLY public.travel_planner_app_airport ALTER COLUMN id SET DEFAULT nextval('public.travel_planner_app_airport_id_seq'::regclass);


--
-- Name: travel_planner_app_city id; Type: DEFAULT; Schema: public; Owner: postgres
--

ALTER TABLE ONLY public.travel_planner_app_city ALTER COLUMN id SET DEFAULT nextval('public.travel_planner_app_city_id_seq'::regclass);


--
-- Name: travel_planner_app_country id; Type: DEFAULT; Schema: public; Owner: postgres
--

ALTER TABLE ONLY public.travel_planner_app_country ALTER COLUMN id SET DEFAULT nextval('public.travel_planner_app_country_id_seq'::regclass);


--
-- Name: travel_planner_app_employee id; Type: DEFAULT; Schema: public; Owner: postgres
--

ALTER TABLE ONLY public.travel_planner_app_employee ALTER COLUMN id SET DEFAULT nextval('public.travel_planner_app_employee_id_seq'::regclass);


--
-- Name: travel_planner_app_hotel id; Type: DEFAULT; Schema: public; Owner: postgres
--

ALTER TABLE ONLY public.travel_planner_app_hotel ALTER COLUMN id SET DEFAULT nextval('public.travel_planner_app_hotel_id_seq'::regclass);


--
-- Name: travel_planner_app_hotelbooking id; Type: DEFAULT; Schema: public; Owner: postgres
--

ALTER TABLE ONLY public.travel_planner_app_hotelbooking ALTER COLUMN id SET DEFAULT nextval('public.travel_planner_app_hotelbooking_id_seq'::regclass);


--
-- Name: travel_planner_app_ticket id; Type: DEFAULT; Schema: public; Owner: postgres
--

ALTER TABLE ONLY public.travel_planner_app_ticket ALTER COLUMN id SET DEFAULT nextval('public.travel_planner_app_ticket_id_seq'::regclass);


--
-- Name: travel_planner_app_travelbookingsummary id; Type: DEFAULT; Schema: public; Owner: postgres
--

ALTER TABLE ONLY public.travel_planner_app_travelbookingsummary ALTER COLUMN id SET DEFAULT nextval('public.travel_planner_app_travelbookingsummary_id_seq'::regclass);


--
-- Name: travel_planner_app_travelcalendar id; Type: DEFAULT; Schema: public; Owner: postgres
--

ALTER TABLE ONLY public.travel_planner_app_travelcalendar ALTER COLUMN id SET DEFAULT nextval('public.travel_planner_app_travelcalendar_id_seq'::regclass);


--
-- Name: travel_planner_app_visa id; Type: DEFAULT; Schema: public; Owner: postgres
--

ALTER TABLE ONLY public.travel_planner_app_visa ALTER COLUMN id SET DEFAULT nextval('public.travel_planner_app_visa_id_seq'::regclass);


--
-- Data for Name: auth_group; Type: TABLE DATA; Schema: public; Owner: postgres
--

COPY public.auth_group (id, name) FROM stdin;
1	employees
\.


--
-- Data for Name: auth_group_permissions; Type: TABLE DATA; Schema: public; Owner: postgres
--

COPY public.auth_group_permissions (id, group_id, permission_id) FROM stdin;
1	1	56
2	1	32
3	1	44
4	1	36
\.


--
-- Data for Name: auth_permission; Type: TABLE DATA; Schema: public; Owner: postgres
--

COPY public.auth_permission (id, name, content_type_id, codename) FROM stdin;
1	Can add log entry	1	add_logentry
2	Can change log entry	1	change_logentry
3	Can delete log entry	1	delete_logentry
4	Can view log entry	1	view_logentry
5	Can add permission	2	add_permission
6	Can change permission	2	change_permission
7	Can delete permission	2	delete_permission
8	Can view permission	2	view_permission
9	Can add group	3	add_group
10	Can change group	3	change_group
11	Can delete group	3	delete_group
12	Can view group	3	view_group
13	Can add user	4	add_user
14	Can change user	4	change_user
15	Can delete user	4	delete_user
16	Can view user	4	view_user
17	Can add content type	5	add_contenttype
18	Can change content type	5	change_contenttype
19	Can delete content type	5	delete_contenttype
20	Can view content type	5	view_contenttype
21	Can add session	6	add_session
22	Can change session	6	change_session
23	Can delete session	6	delete_session
24	Can view session	6	view_session
25	Can add country	7	add_country
26	Can change country	7	change_country
27	Can delete country	7	delete_country
28	Can view country	7	view_country
29	Can add visa	8	add_visa
30	Can change visa	8	change_visa
31	Can delete visa	8	delete_visa
32	Can view visa	8	view_visa
33	Can add travel calendar	9	add_travelcalendar
34	Can change travel calendar	9	change_travelcalendar
35	Can delete travel calendar	9	delete_travelcalendar
36	Can view travel calendar	9	view_travelcalendar
37	Can add hotel	10	add_hotel
38	Can change hotel	10	change_hotel
39	Can delete hotel	10	delete_hotel
40	Can view hotel	10	view_hotel
41	Can add travel booking summary	11	add_travelbookingsummary
42	Can change travel booking summary	11	change_travelbookingsummary
43	Can delete travel booking summary	11	delete_travelbookingsummary
44	Can view travel booking summary	11	view_travelbookingsummary
45	Can add employee	12	add_employee
46	Can change employee	12	change_employee
47	Can delete employee	12	delete_employee
48	Can view employee	12	view_employee
49	Can add city	13	add_city
50	Can change city	13	change_city
51	Can delete city	13	delete_city
52	Can view city	13	view_city
53	Can add ticket	14	add_ticket
54	Can change ticket	14	change_ticket
55	Can delete ticket	14	delete_ticket
56	Can view ticket	14	view_ticket
57	Can add hotel booking	15	add_hotelbooking
58	Can change hotel booking	15	change_hotelbooking
59	Can delete hotel booking	15	delete_hotelbooking
60	Can view hotel booking	15	view_hotelbooking
61	Can add airport	16	add_airport
62	Can change airport	16	change_airport
63	Can delete airport	16	delete_airport
64	Can view airport	16	view_airport
\.


--
-- Data for Name: auth_user; Type: TABLE DATA; Schema: public; Owner: postgres
--

COPY public.auth_user (id, password, last_login, is_superuser, username, first_name, last_name, email, is_staff, is_active, date_joined) FROM stdin;
6	pbkdf2_sha256$180000$ZNIkDoRUn0m3$505zn3P/F9fKrter5DeNBtXvbY+DJk2bS8yKFE8uFwM=	2020-03-20 13:57:30.409586+01	f	employee_1	Jan	Kowalski	travel.planner.employee1@onet.pl	f	t	2020-03-13 07:54:32+01
3	pbkdf2_sha256$180000$V6hEXQhdALFW$oe/qqkbNGmZqCmEkL9ozBJcOxPf2lweQ65SeuFDI2JA=	2020-03-21 10:10:00.159434+01	t	pawel			pawel.mariusz.kowalik@gmail.com	t	t	2020-03-11 12:22:55.333719+01
7	pbkdf2_sha256$180000$xXEkkgiRbBIf$YGeWRngZYtXW/iKvA3LACwGyDPknNfkj9vtvrAuRTZA=	\N	f	user_2	Sara	Terry	travel.planner.user_2@onet.pl	f	t	2020-03-13 11:39:57.876352+01
8	pbkdf2_sha256$180000$5GUGukjg03g6$IKcG3EFDsvOM/w/1P5OOEi8aYY7PGQeZduZnv0ebKGE=	2020-03-13 13:03:44.618059+01	f	user3				f	t	2020-03-13 12:42:50+01
4	pbkdf2_sha256$180000$9BOQofA3olRL$/WjjSpLA2FCLT0D60p0STNN5aswCUDVu6EhrmJsyFLU=	2020-03-13 13:45:19.540916+01	f	Supervisor	Supervisor		supervisortravels@gmail.com	t	t	2020-03-12 21:27:58+01
\.


--
-- Data for Name: auth_user_groups; Type: TABLE DATA; Schema: public; Owner: postgres
--

COPY public.auth_user_groups (id, user_id, group_id) FROM stdin;
1	6	1
2	8	1
\.


--
-- Data for Name: auth_user_user_permissions; Type: TABLE DATA; Schema: public; Owner: postgres
--

COPY public.auth_user_user_permissions (id, user_id, permission_id) FROM stdin;
1	4	64
2	4	32
3	4	34
4	4	4
5	4	36
6	4	8
7	4	40
8	4	42
9	4	12
10	4	44
11	4	60
12	4	16
13	4	48
14	4	20
15	4	52
16	4	54
17	4	24
18	4	56
19	4	28
\.


--
-- Data for Name: django_admin_log; Type: TABLE DATA; Schema: public; Owner: postgres
--

COPY public.django_admin_log (id, action_time, object_id, object_repr, action_flag, change_message, content_type_id, user_id) FROM stdin;
1	2020-03-12 21:25:46.561395+01	1	Aloha32	3		4	3
2	2020-03-12 21:26:04.047622+01	2	employee3	3		4	3
3	2020-03-12 21:27:58.26335+01	4	Supervisor	1	[{"added": {}}]	4	3
4	2020-03-12 21:42:41.99995+01	4	Supervisor	2	[{"changed": {"fields": ["First name", "Email address", "User permissions"]}}]	4	3
5	2020-03-12 21:43:16.675002+01	4	Supervisor	2	[{"changed": {"fields": ["Staff status"]}}]	4	3
6	2020-03-12 21:45:37.886735+01	5	Coordinator	1	[{"added": {}}]	4	3
7	2020-03-13 07:54:32.657629+01	6	employee_1	1	[{"added": {}}]	4	3
8	2020-03-13 07:59:32.380383+01	6	employee_1	2	[{"changed": {"fields": ["First name", "Last name", "Email address"]}}]	4	3
9	2020-03-13 08:00:59.672379+01	1	employees	1	[{"added": {}}]	3	3
10	2020-03-13 08:01:20.451597+01	6	employee_1	2	[{"changed": {"fields": ["Groups"]}}]	4	3
11	2020-03-13 13:02:48.354062+01	8	user3	2	[{"changed": {"fields": ["Groups"]}}]	4	3
\.


--
-- Data for Name: django_content_type; Type: TABLE DATA; Schema: public; Owner: postgres
--

COPY public.django_content_type (id, app_label, model) FROM stdin;
1	admin	logentry
2	auth	permission
3	auth	group
4	auth	user
5	contenttypes	contenttype
6	sessions	session
7	travel_planner_app	country
8	travel_planner_app	visa
9	travel_planner_app	travelcalendar
10	travel_planner_app	hotel
11	travel_planner_app	travelbookingsummary
12	travel_planner_app	employee
13	travel_planner_app	city
14	travel_planner_app	ticket
15	travel_planner_app	hotelbooking
16	travel_planner_app	airport
\.


--
-- Data for Name: django_migrations; Type: TABLE DATA; Schema: public; Owner: postgres
--

COPY public.django_migrations (id, app, name, applied) FROM stdin;
1	contenttypes	0001_initial	2020-03-09 19:50:48.863055+01
2	auth	0001_initial	2020-03-09 19:50:48.932442+01
3	admin	0001_initial	2020-03-09 19:50:49.035527+01
4	admin	0002_logentry_remove_auto_add	2020-03-09 19:50:49.065572+01
5	admin	0003_logentry_add_action_flag_choices	2020-03-09 19:50:49.084507+01
6	contenttypes	0002_remove_content_type_name	2020-03-09 19:50:49.121239+01
7	auth	0002_alter_permission_name_max_length	2020-03-09 19:50:49.136283+01
8	auth	0003_alter_user_email_max_length	2020-03-09 19:50:49.245901+01
9	auth	0004_alter_user_username_opts	2020-03-09 19:50:49.32591+01
10	auth	0005_alter_user_last_login_null	2020-03-09 19:50:49.412075+01
11	auth	0006_require_contenttypes_0002	2020-03-09 19:50:49.422771+01
12	auth	0007_alter_validators_add_error_messages	2020-03-09 19:50:49.431781+01
13	auth	0008_alter_user_username_max_length	2020-03-09 19:50:49.446725+01
14	auth	0009_alter_user_last_name_max_length	2020-03-09 19:50:49.457327+01
15	auth	0010_alter_group_name_max_length	2020-03-09 19:50:49.468282+01
16	auth	0011_update_proxy_permissions	2020-03-09 19:50:49.478522+01
17	sessions	0001_initial	2020-03-09 19:50:49.489239+01
18	travel_planner_app	0001_initial	2020-03-10 10:42:42.575242+01
19	travel_planner_app	0002_auto_20200310_0948	2020-03-10 10:48:27.460022+01
20	travel_planner_app	0003_auto_20200310_1024	2020-03-10 11:24:41.357174+01
21	travel_planner_app	0004_auto_20200312_1416	2020-03-12 15:17:05.714318+01
22	travel_planner_app	0005_auto_20200312_1501	2020-03-12 16:01:06.604877+01
23	travel_planner_app	0006_remove_hotelbooking_cost_per_stay	2020-03-12 16:11:59.053506+01
24	travel_planner_app	0007_auto_20200312_1555	2020-03-12 16:55:36.333472+01
25	travel_planner_app	0008_auto_20200312_1556	2020-03-12 16:56:53.391791+01
26	travel_planner_app	0009_auto_20200312_1557	2020-03-12 16:57:25.165423+01
27	travel_planner_app	0010_employee_user	2020-03-13 09:56:52.557336+01
28	travel_planner_app	0011_auto_20200313_1141	2020-03-13 12:41:22.663026+01
\.


--
-- Data for Name: django_session; Type: TABLE DATA; Schema: public; Owner: postgres
--

COPY public.django_session (session_key, session_data, expire_date) FROM stdin;
adjwur5vv0v98ygpg5fu9tx26p6akt2p	ZDJmNTA3NGZlNjRiMjg1YzkyMmU3Mzk5ZGQ0NmQwZGExZWNlMjk4Mzp7Il9hdXRoX3VzZXJfaWQiOiIzIiwiX2F1dGhfdXNlcl9iYWNrZW5kIjoiZGphbmdvLmNvbnRyaWIuYXV0aC5iYWNrZW5kcy5Nb2RlbEJhY2tlbmQiLCJfYXV0aF91c2VyX2hhc2giOiJkZWI0ZDVkMGE4NjQ1OGYzYTAxODFkNzQ1YTIwYjY2ODY5NTRhN2ZmIn0=	2020-03-30 18:09:00.434575+02
jru3e4v9lbpcm73s93b0mcf123f8dvbp	ZDJmNTA3NGZlNjRiMjg1YzkyMmU3Mzk5ZGQ0NmQwZGExZWNlMjk4Mzp7Il9hdXRoX3VzZXJfaWQiOiIzIiwiX2F1dGhfdXNlcl9iYWNrZW5kIjoiZGphbmdvLmNvbnRyaWIuYXV0aC5iYWNrZW5kcy5Nb2RlbEJhY2tlbmQiLCJfYXV0aF91c2VyX2hhc2giOiJkZWI0ZDVkMGE4NjQ1OGYzYTAxODFkNzQ1YTIwYjY2ODY5NTRhN2ZmIn0=	2020-04-01 20:48:47.053147+02
ofiam0g2p4mctq59o8hzpx913d3d0c98	ZDJmNTA3NGZlNjRiMjg1YzkyMmU3Mzk5ZGQ0NmQwZGExZWNlMjk4Mzp7Il9hdXRoX3VzZXJfaWQiOiIzIiwiX2F1dGhfdXNlcl9iYWNrZW5kIjoiZGphbmdvLmNvbnRyaWIuYXV0aC5iYWNrZW5kcy5Nb2RlbEJhY2tlbmQiLCJfYXV0aF91c2VyX2hhc2giOiJkZWI0ZDVkMGE4NjQ1OGYzYTAxODFkNzQ1YTIwYjY2ODY5NTRhN2ZmIn0=	2020-04-04 11:10:00.164364+02
\.


--
-- Data for Name: travel_planner_app_airport; Type: TABLE DATA; Schema: public; Owner: postgres
--

COPY public.travel_planner_app_airport (id, name, "IATA_code", city_id) FROM stdin;
2131	Shepherd Bypass	GZLJ	1063
2132	Joel Hollow	FAGQ	1063
2133	Eric Stravenue	QSTR	1064
2135	Arthur Square	GKRT	1065
2136	Bruce Fork	YNER	1065
2137	Preston Street	SWTN	1066
2138	Christine Divide	ZEKZ	1066
2139	Karen Rest	HOFH	1067
2140	Bradley Expressway	QXHD	1067
2141	Kristen Rest	JAWL	1068
2142	Philip Corners	FIFC	1068
2143	Michael Court	LTTA	1069
2144	Beverly Cape	OHXW	1069
2145	Arias Roads	FXUG	1070
2146	Gardner Field	GWDJ	1070
2148	Bryant Street	PYAR	1071
2149	Hughes Locks	AJHX	1072
2150	Amy Crest	OPLY	1072
2151	Valerie Summit	JPUF	1073
2152	Li Road	UVQN	1073
2153	Mario Spurs	TDHN	1074
2154	Robinson Unions	SHFP	1074
2155	Edwards Corners	CYCI	1075
2156	Alyssa Rapids	SMPS	1075
2157	Ronald Radial	BABU	1076
2158	Corey Springs	TTLL	1076
2159	Delacruz Stream	JSKB	1077
2160	Sanders Dam	CUUW	1077
2161	Palmer Shore	TOVZ	1078
2162	Andrew Garden	OBRE	1078
2163	Thomas Common	KAHU	1079
2164	Christy Hill	RVWJ	1079
2165	Felicia Turnpike	YCOL	1080
2166	Rodriguez Plains	ASMG	1080
2167	Mary Mall	CXRS	1081
2168	Roberto Locks	VEPM	1081
2169	Thomas Pike	HSKL	1082
2170	Harris Lodge	KDAR	1082
2171	Lisa Plaza	BYPO	1083
2172	Stephanie Drives	YUFF	1083
2173	Jones Station	QPHH	1084
2174	Juarez Route	MWAN	1084
2175	Morris Fall	WVRN	1085
2176	Amanda Turnpike	TIIO	1085
2177	Walsh Roads	OSXJ	1086
2178	Benson Islands	ONBD	1086
2179	Glen Lights	OKVB	1087
2180	Richard Crescent	JYIO	1087
2181	Lewis Hollow	FGBK	1088
2182	Wright Shoal	PIJT	1088
2183	Vang Heights	JDHN	1089
2184	David Key	HCFU	1089
2185	Davis Throughway	VQSI	1090
2186	Lewis Falls	MJZT	1090
2187	Alexander Locks	XSUW	1091
2188	Richards Manors	GLDG	1091
2189	Justin Plaza	XVDG	1092
2190	Jerry Coves	RWJN	1092
2191	Mark Key	OYLU	1093
2192	Gabriel Mews	MQIM	1093
2193	Wilkinson Walks	UZLX	1094
2194	Newman Forge	VZUI	1094
2195	Mccarty Pines	QIJM	1095
2196	Smith Mountains	ZMSY	1095
2197	Robert Spur	FXAC	1096
2198	David Street	OQJJ	1096
2199	Mills Mountain	HYBC	1097
2200	Brenda Common	FKVK	1097
2201	Jody Plain	OYNC	1098
2202	Ford Meadows	AMHV	1098
2203	Michael Via	PIFK	1099
2204	Erica Highway	MMBE	1099
2205	Annette Pass	SQUI	1100
2206	Burnett Loaf	SFOI	1100
2207	Newton Trafficway	GPMF	1101
2208	Kennedy Station	FIIH	1101
2209	Jenna Island	WFHV	1102
2210	Madison Court	HVQS	1102
2211	Ian Mission	QIAK	1103
2212	Timothy Fields	FJWA	1103
2213	Sheila Cliff	VNDO	1104
2214	Hubbard Pass	KQJD	1104
2215	Dennis Street	USST	1105
2216	Julia Flat	CSRZ	1105
2217	Jeffery Points	ZNDA	1106
2218	Jason Green	TBEW	1106
2219	Emily Station	OBWJ	1107
2220	Matthew Hill	ABMA	1107
2221	Tim Throughway	ONNT	1108
2222	Clark Harbor	GAHA	1108
2223	Lee Alley	ZDDQ	1109
2224	Ryan Trail	TVXW	1109
2225	Norris Street	BIAN	1110
2226	Garrett Parkways	JRJE	1110
2227	Cooper Grove	NMSA	1111
2228	Sarah Courts	RJFE	1111
2229	King Isle	EQTU	1112
2230	Lee Extensions	CUYE	1112
2231	Woodward Springs	VVAW	1113
2232	Shepard Parkways	FAQP	1113
2233	Ryan Fort	MPSB	1114
2234	Bradley Forge	BPCV	1114
2235	Walker Mountains	SJVN	1115
2236	Michael Extensions	SEEZ	1115
2237	Abigail Cape	SQVC	1116
2238	William Flat	SYXA	1116
2239	Amy Fields	OEZQ	1117
2240	Stephanie Gardens	HDEP	1117
2241	Paul Turnpike	EBYQ	1118
2242	Shannon Coves	EFMM	1118
2243	Derrick Fall	FIHB	1119
2244	Bell Ford	UPYZ	1119
2245	Jeffery Creek	CIHU	1120
2246	Snyder Falls	KQKY	1120
2247	Cheryl Expressway	NWHY	1121
2248	Sharon Corner	PTWV	1121
2249	Crawford Fork	IOUN	1122
2250	Mendez Trail	GJEW	1122
2251	Julia Walks	BHBQ	1123
2252	Jones Flat	UTDR	1123
2253	Bennett Roads	KZQE	1124
2254	Alexandria Greens	ZCNF	1124
2255	Brown Cliff	WAQF	1125
2256	Orozco Way	NDKB	1125
2257	Amanda Expressway	BKOR	1126
2258	Ruiz Turnpike	ELBG	1126
2259	Greene Ville	MVPC	1127
2260	Washington Extension	APOB	1127
2261	Soto Dale	MYIH	1128
2262	Kristina Path	MHGZ	1128
2263	Cox Estate	OYUN	1129
2264	John Islands	IZKI	1129
2265	Powers Shoals	YYZY	1130
2266	Bailey Curve	UFNJ	1130
2267	Jason Ridges	IDWQ	1131
2268	Karen Manor	XUUP	1131
2269	Francisco Islands	WNIS	1132
2270	Lee View	BHAX	1132
2271	Richard Green	ULFJ	1133
2272	Martinez Summit	OHLB	1133
2273	Torres Trace	YTAB	1134
2274	Williams Spring	GSQD	1134
2275	Ryan Causeway	BJQB	1135
2276	Ramirez Loop	ITPM	1135
2277	Walker Circles	BVQU	1136
2278	David Cove	AMQV	1136
2279	Castillo Forges	HESH	1137
2280	Davidson Path	HQLN	1137
2281	Hill Extensions	THFX	1138
2282	Gutierrez Camp	YKGU	1138
2283	Christopher Shoal	SCUD	1139
2284	Warner Junction	WUVT	1139
2285	Brittney Roads	YZWL	1140
2286	Kenneth Station	SEOK	1140
2287	Berger Grove	AAZP	1141
2288	Jones Canyon	NKIR	1141
2289	Heather Corner	PAHY	1142
2290	Reid Turnpike	DVYI	1142
2291	Stephanie Circles	AOXT	1143
2292	Kenneth Rue	YOWG	1143
2293	Cruz Grove	TFYP	1144
2294	Arnold Mall	ZEMX	1144
2295	Allison Shoal	DFQT	1145
2296	Maldonado Falls	ZWYF	1145
2297	Gregory Station	HOYN	1146
2298	White Prairie	WJVU	1146
2299	Ward Estates	XZZW	1147
2300	Hale Parkways	JIDF	1147
2301	Thomas Port	NLAT	1148
2302	Jordan Locks	ELBG	1148
2303	Barnes Row	ZNWO	1149
2304	Jane Freeway	BVCT	1149
2305	Mcintyre Shore	UNXQ	1150
2306	Kevin Rue	IUQZ	1150
2307	Jennings Rapid	HVAP	1151
2308	Brown Plain	OTOX	1151
2309	Miller Estate	YESZ	1152
2310	John Crest	RCLE	1152
2311	Ruiz Valley	ORZS	1153
2312	Johnson Isle	UXVH	1153
2313	Raymond Summit	PNKC	1154
2314	Edward Isle	RHNO	1154
2315	Mason Path	PPIY	1155
2316	Charles Glens	LBGS	1155
2317	Connor Passage	QDOZ	1156
2318	Green Flat	GHRN	1156
2319	Ortiz Parkways	VERD	1157
2320	Mcdowell Grove	IPJH	1157
2321	Jennifer Plaza	HWGF	1158
2322	Keith Dam	ELLO	1158
2323	Lawson Crossroad	JFEN	1159
2324	Gregory Expressway	VIOD	1159
2325	Miller Course	MRGN	1160
2326	Norman Viaduct	ZCNN	1160
2327	Hailey Rapid	DVLL	1161
2328	Adam Crescent	JDUC	1161
2329	Estrada Common	WJZU	1162
2330	Martinez Unions	STWJ	1162
2331	Torres Ports	VBXR	1163
2332	Mark Walk	PDBA	1163
2333	Perry Turnpike	LDWJ	1164
2334	Ellison Lane	LJHD	1164
2335	Singh Centers	FHDA	1165
2336	Reynolds Glen	KUSF	1165
2337	Kim Well	OHLE	1166
2338	Paula Valley	SWUW	1166
2339	Laura Spring	GMSO	1167
2340	Leslie Crossing	EEIT	1167
2341	Jasmine Drive	TYBJ	1168
2342	Espinoza Squares	TDDT	1168
2343	Nelson Motorway	SSEN	1169
2344	Daniel Loaf	BJKQ	1169
2345	Nicholas Stream	GROJ	1170
2346	Brown Inlet	YZTB	1170
2347	Ryan Harbor	MACD	1171
2348	Michael Pike	DEUD	1171
2349	Kelly Forge	KLLP	1172
2350	John Lake	PNXG	1172
2351	Austin Lane	OFKE	1173
2352	Mary Drives	HEMY	1173
2353	Patrick Estates	BFFF	1174
2354	Richard Centers	YGZT	1174
2355	Dean Divide	TXCF	1175
2356	Joy Shore	CNUN	1175
2357	Patrick Ports	IFTT	1176
2358	Harris Island	LCOS	1176
2359	Murphy Skyway	PHDJ	1177
2360	Nichole Grove	ETFG	1177
2361	Ramirez Run	OQJD	1178
2362	Haynes Causeway	OACD	1178
2363	Catherine Corner	VCJH	1179
2364	Sheri Springs	DXNU	1179
2365	David Valleys	PGNM	1180
2366	Mark Park	AXVH	1180
2367	Caroline Expressway	OAEM	1181
2368	Fisher Locks	AYCZ	1181
2369	Johnson Square	KRXC	1182
2370	Brian Views	XALO	1182
2371	Bonnie Rue	KECS	1183
2372	Sims Stream	NQTL	1183
2373	Campbell Brook	JKNO	1184
2374	Ross Meadows	EQIJ	1184
2375	Saunders Keys	VESA	1185
2376	Andrew Glen	PXUD	1185
2377	Foster Run	BXZF	1186
2378	David Shoal	HFWY	1186
2379	Erin Cliff	JXJH	1187
2380	Bond Gardens	ONRS	1187
2381	Higgins Bypass	BHVD	1188
2382	Christensen Field	EAUK	1188
2383	Joseph Point	PIYK	1189
2384	Todd Lights	IHJP	1189
2385	Spears Drive	PCDX	1190
2386	Martinez View	OQTX	1190
2387	Juarez Mills	CQNF	1191
2388	Diane Valleys	YWVX	1191
2389	Mcdonald Parkways	JOBI	1192
2390	Christopher Park	VLZT	1192
2391	Villa Dale	FHBZ	1193
2392	Joanne Lane	YFVE	1193
2393	Ashley Trace	YHIW	1194
2394	Ward Burg	VHOO	1194
2395	Roberts Corners	NHDJ	1195
2396	Tanner Extension	IMQG	1195
2397	Richard Mission	HFSU	1196
2398	Williams Crossroad	FQNW	1196
2399	William Points	FSRT	1197
2400	Cody Square	YGWU	1197
2401	Frederick Prairie	BOTZ	1198
2402	Lyons Isle	XXWW	1198
2403	Roy Circle	ZAKJ	1199
2404	Tiffany Stream	XCRY	1199
2405	Ashley Island	RYOU	1200
2406	Sheppard Terrace	BXVC	1200
2407	Baker Tunnel	MGFL	1201
2408	Patterson Road	ZGYL	1201
2409	Savage Place	ZAVG	1202
2410	Joe Turnpike	AUYA	1202
2411	Garcia Isle	QWFK	1203
2412	Gonzalez Forges	GEZD	1203
2413	Rodriguez Center	TYLB	1204
2414	Flowers Summit	HQXH	1204
2415	Joshua Islands	LBGJ	1205
2416	Holly Track	VPUO	1205
2417	Alyssa Fall	CDZI	1206
2418	Christopher Canyon	FPZE	1206
2419	Bobby Mall	VMVA	1207
2420	Sandra Meadow	BDDQ	1207
2421	Sharon Crossing	JXZJ	1208
2422	Cummings Rapid	RHMM	1208
2423	Valenzuela Forge	IDAG	1209
2424	Allen Green	SZTJ	1209
2425	Ellis Street	RUTA	1210
2426	Michael Key	IJYS	1210
2427	Jacob Mission	CNVK	1211
2428	Allen Run	CMIW	1211
2429	Curtis Shoals	WUCZ	1212
2430	Rachel Crest	TTBR	1212
2431	James Row	PIXY	1213
2432	Donna Passage	FZTR	1213
2433	Brandon Hill	SLRH	1214
2434	Terry Inlet	BVBV	1214
2435	Ward Crossing	KYSZ	1215
2436	Ashley Cliffs	FVIN	1215
2437	Brown Ford	OEQO	1216
2438	Olsen Canyon	HTMX	1216
2439	Jones Lakes	ZIAV	1217
2440	Doyle Spurs	QGQP	1217
2441	Amy Loop	GMZI	1218
2442	Williams Islands	FZDV	1218
2443	Pamela Lakes	GGZD	1219
2444	Ware Landing	ARUT	1219
2445	David Shoals	ZZPJ	1220
2446	Gregory Island	BLRI	1220
2447	Johnson Lock	GDUD	1221
2448	Harrington Locks	QEIB	1221
2449	Sims Ferry	QVZX	1222
2450	Obrien Parkway	MZYY	1222
2451	Gillespie Garden	EOYW	1223
2452	Mcclure Plain	SRRB	1223
2453	John Rue	ALFK	1224
2454	Jackson Mountain	FSMW	1224
2455	Jennifer Estates	DTPV	1225
2456	Murphy Throughway	JIDU	1225
2457	Stephanie Corner	BJHN	1226
2458	Palmer Shore	AYLL	1226
2459	Powell Mountains	DJTK	1227
2460	Butler Terrace	IEVD	1227
2461	Mary Flat	QHDK	1228
2462	Dunn Rapids	CWNB	1228
2463	Kelly Haven	FDJQ	1229
2464	Francisco Tunnel	PWAP	1229
2465	Jones Turnpike	VAWD	1230
2466	Christopher Crest	HPIH	1230
2467	Gonzalez Groves	WENG	1231
2468	Brown Path	XOCS	1231
2469	Patricia Hollow	RZYY	1232
2470	Harrington Forest	YDTA	1232
2471	Lowery Ways	RDZM	1233
2472	Horn Gateway	EKZJ	1233
2473	Wolfe Garden	GSIL	1234
2474	Brown Harbor	FSBH	1234
2475	Cortez Groves	BPJH	1235
2476	Jeremiah Heights	YFGG	1235
2477	Prince Hill	YHER	1236
2478	Lisa Junctions	QCLR	1236
2479	Vaughan Stravenue	FWWY	1237
2480	Angela Ferry	MNWT	1237
2481	Carlos Valley	IVVV	1238
2482	Arroyo Crossroad	WYJZ	1238
2483	Meyer Underpass	EHEH	1239
2484	Stephanie Prairie	WTAO	1239
2485	Brian Tunnel	AYCX	1240
2486	Sandra Overpass	VDMV	1240
2487	Stewart Lake	MMVU	1241
2488	Nichols Corner	UZHI	1241
2489	Robert Harbor	RVTH	1242
2490	Tyler Falls	UMPF	1242
2491	French Loaf	YCMA	1243
2492	Luis Station	CUVB	1243
2493	Sharon Club	VTSV	1244
2494	Davis Center	OIEJ	1244
2495	Jacobs Ferry	RKMI	1245
2496	Johnston Orchard	OZZT	1245
2497	Baldwin Port	GLNN	1246
2498	Reyes Ways	IIXT	1246
2499	Cross Brooks	VMKX	1247
2500	King Turnpike	CYFV	1247
2501	Cervantes Ports	RFFJ	1248
2502	Weber Trace	EFJF	1248
2503	Adrian Light	ZIII	1249
2504	Brian Land	MWYY	1249
2505	Graves Trace	VZPM	1250
2506	Justin Underpass	LRTA	1250
2507	Sandoval Prairie	EVXK	1251
2508	Sampson Village	WZFJ	1251
2509	Teresa Rapid	IWWM	1252
2510	Nicholas Tunnel	ZAJZ	1252
2511	Galvan Dam	PNTI	1253
2512	Martin Row	EGKY	1253
2513	Roberts Alley	ZVEU	1254
2514	Wallace Street	LEIL	1254
2515	Nicholas Plain	BJVC	1255
2516	Justin Bypass	VNTC	1255
2517	Candace Mills	UNLV	1256
2518	Mark Junction	RDII	1256
2519	Young Overpass	YVCJ	1257
2520	Cooley Wall	UICA	1257
2521	Chris Ramp	HOCM	1258
2522	Elizabeth Fields	VFQL	1258
2523	Mary Orchard	KMHN	1259
2524	Cruz Garden	CLSK	1259
2525	Richard Path	PMME	1260
2526	Brady Field	LWYH	1260
2527	Leon Summit	JJOA	1261
2528	Mark Row	PATY	1261
2529	Morrison Forge	TPZG	1262
2530	Bradford Ford	PLDN	1262
2531	Ashley Lock	NWDK	1263
2532	Carr Trail	ABPR	1263
2533	Clinton Trafficway	TIOL	1264
2534	Blair Forges	IJMS	1264
2535	Travis Isle	QZZN	1265
2536	Briggs Row	WDYQ	1265
2537	Hernandez Squares	YKRO	1266
2538	John Ranch	GQPQ	1266
2539	Bridget Knolls	QWQR	1267
2540	Tammy Dam	VTQT	1267
2541	Kristina Gardens	TQEZ	1268
2542	Ian Roads	KQRA	1268
2543	Randy Crossing	SOYA	1269
2544	Shirley Flat	YJIT	1269
2545	Joseph Islands	RAIB	1270
2546	Olson Turnpike	MKZW	1270
2547	Joseph Springs	USNI	1271
2548	Jared Valleys	OBJX	1271
2549	Ashley Neck	XHPC	1272
2550	Diane Rest	DOMO	1272
2551	Dillon Walk	LVVZ	1273
2552	Gutierrez Well	EGCA	1273
2553	April Garden	YVVF	1274
2554	Morse Bridge	PLDO	1274
2555	Young Extensions	VWCN	1275
2556	Johnson Spring	LDSF	1275
2557	Crystal Isle	WLWL	1276
2558	Rodriguez Springs	UVQZ	1276
2559	Miguel Meadows	XIYL	1277
2560	Davis Causeway	TURB	1277
2561	Stephens Keys	BBSA	1278
2562	Paula Squares	XOJI	1278
2563	Mark Square	NNVD	1279
2564	Anthony Rest	NNMJ	1279
2565	Martin Port	NUHM	1280
2566	Lara Meadow	IOCS	1280
2567	Eric Cliffs	EYLO	1281
2568	Victoria Forges	MUVH	1281
2569	Moore Pass	CFIK	1282
2570	Gary Harbors	XBKG	1282
2571	Gates Parkway	EEDJ	1283
2572	James Skyway	PMED	1283
2573	Audrey Common	TUGZ	1284
2574	Jones Circle	KDTC	1284
2575	Jennifer Ridges	HGID	1285
2576	Clarke Ville	QNEP	1285
2577	Boyd Branch	MGEJ	1286
2578	Murray Shoal	HDMD	1286
2579	Cox Drives	NONC	1287
2580	Rhonda Bypass	RFGA	1287
2581	Tate Road	KTWC	1288
2582	Walter Groves	AUYL	1288
2583	Davis Track	KFUG	1289
2584	Arthur Greens	YEZX	1289
2585	Moreno Route	KYVN	1290
2586	Herrera Cliffs	UPJY	1290
2587	Shaun Isle	CNVV	1291
2588	Moore Ranch	CNLY	1291
2589	Moore Stream	AOGE	1292
2590	Bailey Glens	OFLO	1292
2591	Nelson Ways	CEKC	1293
2592	Brady Island	REFM	1293
2593	Gardner Vista	GSCD	1294
2594	Melanie Flat	VGLF	1294
2595	Donald Flats	YPIU	1295
2596	Mclaughlin Lane	MHGQ	1295
2597	Jennifer Station	QFIP	1296
2598	Fuller Junction	VNGR	1296
2599	Patricia Valley	POKX	1297
2600	Mahoney Highway	EOMT	1297
2601	Singh Isle	TRQV	1298
2602	Vargas Hill	OMOS	1298
2603	Morgan Stravenue	BYWI	1299
2604	Dawn Shoal	PTAO	1299
2605	Jackson Street	GDFY	1300
2606	Smith Plain	AUXB	1300
2607	Baxter Falls	NOQL	1301
2608	Jeremy Gardens	WXXY	1301
2609	Joshua Village	BCPX	1302
2610	Perez Lake	OCHY	1302
2611	Anna Greens	WMUR	1303
2612	Watson Orchard	HQWG	1303
2613	Tina Walk	QDWD	1304
2614	Anthony Grove	PJBQ	1304
2615	Martinez Village	YAWU	1305
2616	Tammy Harbors	IZAL	1305
2617	William Street	LPNL	1306
2618	Pruitt Prairie	MMSK	1306
2619	Tyler Rapid	ZYUP	1307
2620	Campos Lake	LFKJ	1307
2621	Manuel Meadows	FDWX	1308
2622	Philip Key	ZYYU	1308
2623	Danny Mill	FVPU	1309
2624	John Center	FBXX	1309
2625	Barber Coves	DKOB	1310
2626	Long Isle	KNPX	1310
2627	Peggy Extension	NEGQ	1311
2628	David Fall	UFSQ	1311
2629	Duane Alley	JZXO	1312
2630	Estrada Knoll	KXBU	1312
2631	Melissa Manors	YFEK	1313
2632	Stephanie Alley	NHVB	1313
2633	Shelby Cliffs	ARBS	1314
2634	Whitney Place	XJUL	1314
2635	Gonzalez Forge	LCTF	1315
2636	Sandra Center	WKNA	1315
2637	Misty Crossroad	JIPQ	1316
2638	Rachel Common	FESH	1316
2639	Mack Ramp	JHVX	1317
2640	Adams Crossing	MOFX	1317
2641	Heather Glens	JFBV	1318
2642	Miller Mountains	OPSQ	1318
2643	Kimberly Corners	RCTW	1319
2644	Hunter Mountain	RWMW	1319
2645	Richard Alley	RNZO	1320
2646	Perry Meadows	TNME	1320
2647	Briggs Street	PFLX	1321
2648	Wright Streets	QLVY	1321
2649	Shelby Corners	IHVO	1322
2650	Andrews Shore	PKAA	1322
2651	Julie Island	INRY	1323
2652	Keith Hollow	SRSX	1323
2653	Miller Square	HOCW	1324
2654	Leslie Valleys	NMAQ	1324
2655	Bryan Bridge	SPFW	1325
2656	Johnson View	GAYB	1325
2657	Ball Causeway	RGPW	1326
2658	Baker Inlet	SZMB	1326
2659	Richard Rapid	YAYZ	1327
2660	Fritz Hollow	AMML	1327
2661	Glover Lights	WDGU	1328
2662	Atkins Tunnel	VMZW	1328
2663	Nolan Point	CTKD	1329
2664	Oliver River	LJKH	1329
2665	Jane Course	BCIZ	1330
2666	Jeremiah Highway	JWHA	1330
2667	Henry Summit	DWPO	1331
2668	Roberts Wells	TZDW	1331
2669	Ward Highway	YXWA	1332
2670	Kelly Turnpike	BVXT	1332
2671	Thomas Road	GLPD	1333
2672	Mathew Village	GATM	1333
2673	Cheryl Viaduct	LVGY	1334
2674	Nathan Springs	EIMS	1334
2675	Travis Via	PWML	1335
2676	Kenneth Via	TVJN	1335
2677	Jaime Keys	MPMD	1336
2678	Hayes Groves	WRMJ	1336
2679	Richardson Club	WHHD	1337
2680	Kelley Meadows	WCTI	1337
2681	Lisa Ports	WPUY	1338
2682	Matthew Loaf	XTQI	1338
2683	Thomas Courts	QPLP	1339
2684	Dustin Parkway	AMEE	1339
2685	Andrew Overpass	VGQQ	1340
2686	Thomas Lock	QPTG	1340
2687	Johnson Neck	RTSI	1341
2688	Peter Forks	MGKS	1341
2689	Lee Turnpike	HPZO	1342
2690	Darrell Parkway	EFUD	1342
2691	Robert Mill	QMCL	1343
2692	Rhonda Turnpike	AVOJ	1343
2693	Mckinney Walk	RDRQ	1344
2694	Johnson View	VVAQ	1344
2695	Antonio Ridges	TXHQ	1345
2696	Burns Ranch	ZCXF	1345
2697	Doyle Grove	BXCP	1346
2698	Martin Course	WZFG	1346
2699	Michael Place	PLPX	1347
2700	Michelle Locks	URSA	1347
2701	Richard Plains	IXAN	1348
2702	Donald Branch	MPLV	1348
2703	Brenda Camp	FTMX	1349
2704	Horn Club	MOOC	1349
2705	Moore Ville	WLEB	1350
2706	Parsons Mills	JURN	1350
2707	Carroll Drive	URIN	1351
2708	Taylor Valleys	PDSL	1351
2709	Gregory Burgs	ZTOX	1352
2710	Alyssa Groves	OMYT	1352
2711	Howard Underpass	WDXZ	1353
2712	Campbell Streets	NNMT	1353
2713	Keith Crescent	RLUL	1354
2714	Sarah Plaza	TAVN	1354
2715	Arellano Wells	SPPH	1355
2716	Taylor Unions	LPMK	1355
2717	Micheal Lake	EEPJ	1356
2718	Williams Neck	TZOU	1356
2719	Stevens Street	TUSY	1357
2720	Shane Cove	CFVW	1357
2721	Carpenter Drive	EAWY	1358
2722	Carroll Hills	UNUM	1358
2723	Freeman Key	LNFK	1359
2724	Stephanie Walk	XOKS	1359
2725	Evans Stravenue	DAYV	1360
2726	Garcia Fork	ICVP	1360
2727	Moore Lock	OERK	1361
2728	Williams Plaza	HYMG	1361
2729	Wilson Isle	JENT	1362
2730	John Circle	IWUI	1362
2731	Wayne Throughway	QGNO	1363
2732	John Cliffs	YSSR	1363
2733	Gallagher Plaza	VWEL	1364
2734	Matthew Dale	VVKG	1364
2735	Kimberly Spring	APQI	1365
2736	Smith Forks	PMCM	1365
2737	Miller Via	IYMW	1366
2738	Bobby Greens	BRDT	1366
2739	Le Club	NJEQ	1367
2740	Gates Rapids	IUYR	1367
2741	Le Court	TBRI	1368
2742	Brittany Lake	QTAZ	1368
2743	Morales Way	INQX	1369
2744	Donald Lock	JHOF	1369
2745	James Glens	VVHT	1370
2746	Hopkins Turnpike	KPQP	1370
2747	Martinez Fords	FEJG	1371
2748	Amanda Gateway	AXVL	1371
2749	Rebecca Greens	DVTA	1372
2750	Heidi Canyon	KTWV	1372
2751	Scott Landing	MTDO	1373
2752	Russell Summit	XFVJ	1373
2753	Brenda Spring	YZIC	1374
2754	Jones Freeway	XFRP	1374
2755	Don Lane	XVJG	1375
2756	Wheeler Groves	ZPGB	1375
2757	Johnson Courts	EQXY	1376
2758	Peterson Island	VTPM	1376
2759	Fernandez Cliff	YRXQ	1377
2760	Burns Port	VMBG	1377
2761	Gomez Islands	RRWF	1378
2762	Reynolds Via	TZWW	1378
2763	Maria Mountains	QAHX	1379
2764	Love Pass	ZFTL	1379
2765	Murillo Islands	GIKS	1380
2766	Paul Underpass	MXVQ	1380
2767	Willis Terrace	QJHS	1381
2768	Terry Summit	IPDM	1381
2769	Emily Port	EFYB	1382
2770	Francisco Ways	NFGB	1382
2771	Lin Lock	OAVJ	1383
2772	Paul Rapid	TCVP	1383
2773	Harmon Prairie	QKRJ	1384
2774	Matthew Mews	ZIDB	1384
2775	Beth Island	YPTN	1385
2776	Steven Trace	THHU	1385
2777	Pena Extension	IZYS	1386
2778	Curtis Falls	FQJI	1386
2779	Lawson Mission	SKKF	1387
2780	Acevedo Court	LEOH	1387
2781	Sarah Run	SSAW	1388
2782	Burnett Way	UWFP	1388
2783	Jerry Ridges	PATM	1389
2784	Terri Gateway	XVSJ	1389
2785	Ernest Wall	KKPQ	1390
2786	Cooley Isle	LLTN	1390
2787	Kelly Ferry	ITUP	1391
2788	Thomas Ranch	LZLB	1391
2789	Johnson Landing	ZWBM	1392
2790	Ronnie Hills	NQPW	1392
2791	Beth Estates	CXEK	1393
2792	Bryan Parkway	LJFQ	1393
2793	Lindsey View	HYES	1394
2794	Merritt Forge	LCES	1394
2795	Linda Fall	XTIC	1395
2796	Virginia Field	KFMV	1395
2797	Courtney Row	UXUY	1396
2798	Zamora Springs	FQPE	1396
2799	Boyer Center	XJZR	1397
2800	James Crossroad	DVYF	1397
2801	Holden Manors	WOHW	1398
2802	Ashley Pass	WUID	1398
2803	Jessica Mountain	DPSV	1399
2804	Jacob Shore	EQED	1399
2805	Gray Ways	JSYY	1400
2806	Robert Shoal	TEZE	1400
2807	Sandoval Pines	XCKF	1401
2808	Sandra Fall	ZYXI	1401
2809	Victor Creek	VXQG	1402
2810	Jennifer Throughway	WGII	1402
2811	Knapp Mews	FGIH	1403
2812	Estrada Stravenue	PMXS	1403
2813	White Stravenue	PHHK	1404
2814	Paula Mountain	OLGC	1404
2815	Erica Mountain	CDAQ	1405
2816	Moyer Estate	MJUL	1405
2817	Wright Brooks	TZXI	1406
2818	Norton Fords	ZBXH	1406
2819	Dawn Cliff	TSSM	1407
2820	Robert Track	ADGM	1407
2821	Lowery Junction	WFFW	1408
2822	Garcia Plaza	CFGK	1408
2823	Kenneth Grove	HSVQ	1409
2824	Brittany Ridges	OGTH	1409
2825	Heather Road	XCDD	1410
2826	Cooper Pike	KYUP	1410
2827	Alexander Lock	ANED	1411
2828	Michael Stravenue	SNGD	1411
2829	Kevin Meadows	URYS	1412
2830	Green Divide	LIZL	1412
2831	Solis Ports	FCJS	1413
2832	Cindy Shoal	LQKU	1413
2833	Garcia Locks	TIIX	1414
2834	Christopher Gardens	JISC	1414
2835	Isaac Extension	RZYS	1415
2836	Lee Manors	MJAY	1415
2837	Kimberly Fork	KOHQ	1416
2838	Olivia Union	JVZU	1416
2839	Katherine Fields	GPEG	1417
2840	Robinson Ranch	PIID	1417
2841	Elliott Greens	SXIQ	1418
2842	Carlos Falls	ADHX	1418
2843	Mcdowell Knolls	XREZ	1419
2844	Osborne Plaza	PZSE	1419
2845	Bolton Alley	VWLL	1420
2846	Michele Trail	QDUG	1420
2847	Ryan Trace	XUCK	1421
2848	Oliver Brooks	TMMO	1421
2849	Lopez Street	IGCS	1422
2850	Shannon Spur	KYHR	1422
2851	Benson Green	ONXK	1423
2852	Bryan Highway	CELF	1423
2853	Mann Fall	OQNV	1424
2854	Allen Creek	ETEF	1424
2855	Harrison Parkway	PSHC	1425
2856	Derek Road	URFB	1425
2857	Williams Stream	HPZN	1426
2858	Wilson Road	UMGY	1426
2859	Tara Via	MXYC	1427
2860	Jones Green	VQQM	1427
2861	Eileen Hill	FSOR	1428
2862	Ramirez Crest	XGCQ	1428
2863	Gary Mount	XUPW	1429
2864	Lucero Mission	WHFL	1429
2865	Tina Bypass	GGHN	1430
2866	Joseph Gardens	OTOY	1430
2867	Romero Pines	AARY	1431
2868	George Throughway	RGJR	1431
2869	Sullivan Flats	QGLB	1432
2870	Scott Ways	ZWCX	1432
2871	Crystal Greens	KIXS	1433
2872	Moore Mountain	RDPI	1433
2873	Christopher Terrace	QEPP	1434
2874	Schneider Meadow	LYYJ	1434
2875	Rodriguez Mount	EXIK	1435
2876	Kenneth Crossing	RNEB	1435
2877	Amy Crescent	MYWG	1436
2878	Alexis Lane	AQAV	1436
2879	David Mountain	WDBN	1437
2880	Perry Park	RWKG	1437
2881	Miller Ford	KKDX	1438
2882	Adam Port	AZAU	1438
2883	Lewis Ramp	AIIY	1439
2884	Nathan Port	JNIQ	1439
2885	Valerie Prairie	DSSL	1440
2886	Owens Club	NIWD	1440
2887	Webster Course	IZUP	1441
2888	Jason Springs	GYIU	1441
2889	James Light	NKVO	1442
2890	Adam Prairie	OLIB	1442
2891	Brittany Light	EVCO	1443
2892	Brown Glen	SSEM	1443
2893	Scott Meadows	ETPK	1444
2894	Farmer Shoals	HZEX	1444
2895	Walter Bridge	DOMY	1445
2896	Steven Underpass	FPVS	1445
2897	Debra Turnpike	XARG	1446
2898	Dawn Isle	JXMU	1446
2899	Tina Stream	FUCI	1447
2900	Justin Shores	IVFO	1447
2901	Kayla Vista	LMPL	1448
2902	Lozano Square	WJUT	1448
2903	Rodriguez Squares	FGIG	1449
2904	Galloway Pines	ZESJ	1449
2905	Elizabeth Lodge	DLRC	1450
2906	Mata Course	RUAQ	1450
2907	Young Underpass	JURW	1451
2908	Douglas Coves	GUEU	1451
2909	Heidi Mount	SMFE	1452
2910	Hamilton Islands	ANTH	1452
2911	Heather Valleys	PNYL	1453
2912	Andrea Parks	XYYM	1453
2913	Nicholas Squares	FXBW	1454
2914	Whitney Loop	ILXZ	1454
2915	Braun Highway	HSXO	1455
2916	Tammy Villages	OABG	1455
2917	Graves Square	YMZA	1456
2918	Leach Mountains	WWMG	1456
2919	Caleb Forges	VLDV	1457
2920	Watson Via	AOAN	1457
2921	Morgan Walk	QZYK	1458
2922	Shannon Plaza	OWHM	1458
2923	Williamson Forge	LOJT	1459
2924	Timothy Bridge	OVAT	1459
2925	Hall Radial	WBOX	1460
2926	Dwayne Skyway	HKEM	1460
2927	Harvey Rue	LWLA	1461
2928	Henderson Hill	PHUA	1461
2929	Arthur Forest	HIKN	1462
2930	Katherine Track	ASDU	1462
2931	Mary Mountains	INMN	1463
2932	Anderson Overpass	MVBX	1463
2933	Roach Glen	TWRD	1464
2934	Austin Crossroad	ZNEH	1464
2935	Newton Walks	AQOI	1465
2936	Chavez Hollow	YOUM	1465
2937	Ryan Drive	JBSW	1466
2938	Bruce Cliff	CWPP	1466
2939	Hall Point	FYIY	1467
2940	Katie Stream	QAFH	1467
2941	Mary Prairie	VZXL	1468
2942	Eric Grove	HWCG	1468
2943	Paul Viaduct	CWWV	1469
2944	Tapia Center	TLGE	1469
2945	White Land	RKZO	1470
2946	Burke Expressway	VMUH	1470
2947	Emily Glens	BNJF	1471
2948	Robinson Row	YOUC	1471
2949	Jordan Motorway	EGCH	1472
2950	Victor Orchard	KCJL	1472
2951	Marie Trail	LXTX	1473
2952	Katrina Ford	XTCY	1473
2953	Derek Burg	PMEZ	1474
2954	Brian Brooks	FDIR	1474
2955	Andre Walk	YHOA	1475
2956	Chavez Expressway	VLWX	1475
2957	Melissa Drives	SLDR	1476
2958	Melinda Terrace	WWFZ	1476
2959	Misty Center	QKLL	1477
2960	Martinez Harbor	RSXS	1477
2961	Julie Manors	YZGJ	1478
2962	Kelly Expressway	EMYY	1478
2963	Justin Shoal	BAZJ	1479
2964	Smith Hill	VIPH	1479
2965	Weber Square	PIIV	1480
2966	Dixon Hollow	DYOB	1480
2967	Jacob Shoal	OCOV	1481
2968	Michael Dam	AHTS	1481
2969	Morgan Locks	XUQI	1482
2970	Potter Viaduct	KVYQ	1482
2971	Smith Mountains	BFNZ	1483
2972	Laura Gateway	TQMD	1483
2973	Brittany Spurs	PSYH	1484
2974	George Land	GOKK	1484
2975	Keith Harbors	SOFU	1485
2976	Franklin Manor	SBNN	1485
2977	Diana Streets	MAFV	1486
2978	Catherine Hollow	RFGP	1486
2979	Douglas Crest	RITK	1487
2980	Brown Circle	CAFK	1487
2981	Rivera Points	GWXO	1488
2982	Sara Mountains	EEFL	1488
2983	Natalie Tunnel	QVPD	1489
2984	Stephen Ridge	YQRG	1489
2985	Decker Isle	EXUW	1490
2986	Luis Mill	KXXB	1490
2987	Jonathan Common	EJWH	1491
2988	Aguilar Shoal	ZQXF	1491
2989	David Manors	BXPL	1492
2990	Kylie Loaf	IFAF	1492
2991	Stephanie Ramp	VZDK	1493
2992	Monique Points	DTXJ	1493
2993	John Greens	DVMZ	1494
2994	Myers Shore	AEZK	1494
2995	Elaine Key	LIVV	1495
2996	Davis Creek	RSKH	1495
2997	Danny Falls	ICGO	1496
2998	Rodriguez Burg	SEVB	1496
2999	Bradley Drive	CTHL	1497
3000	Ellis Inlet	NJUM	1497
3001	Baird Mills	JKPM	1498
3002	David Ford	BMJG	1498
3003	Brown Street	VHIZ	1499
3004	Eric Fall	JFLR	1499
3005	Peters Throughway	DIKW	1500
3006	Makayla Unions	YTLG	1500
3007	Alexander Port	AALK	1501
3008	Gabriella Mountain	OGCG	1501
3009	Jose Tunnel	TGEL	1502
3010	Sullivan Fork	FHEL	1502
3011	Bailey Vista	FYUU	1503
3012	John Mission	XPML	1503
3013	Cindy Prairie	EHJP	1504
3014	Conley Square	DWWN	1504
3015	Justin Street	WDNY	1505
3016	Ewing Springs	BDRW	1505
3017	Kristopher Trail	DFNF	1506
3018	Cortez Dale	GBOM	1506
3019	Hernandez Fall	KDEB	1507
3020	Cynthia Creek	ERBF	1507
3021	Dennis Pass	GYKC	1508
3022	Smith Run	FZNH	1508
3023	Taylor Junction	RWSS	1509
3024	Shirley Road	AZIU	1509
3025	Arias Bypass	YOOU	1510
3026	Peterson Locks	WGIQ	1510
3027	Garcia Light	LUUT	1511
3028	James Light	EVDC	1511
3029	Scott Way	EMXK	1512
3030	Williams Glens	SYII	1512
3031	Lopez Run	RTFJ	1513
3032	Annette Springs	OCBA	1513
3033	Karen River	MPED	1514
3034	Robinson Dale	KOUP	1514
3035	Amanda Square	RASU	1515
3036	May Turnpike	KWXY	1515
3037	Christian Pass	QOBY	1516
3038	Hill Lane	CWZG	1516
3039	Boyle Union	BGOX	1517
3040	Johnson Wells	JTPO	1517
3041	Hampton Glen	AWDL	1518
3042	Ryan Shore	XMYR	1518
3043	Harris River	ALSR	1519
3044	Destiny Trail	PLVP	1519
3045	Meza Forges	XXIV	1520
3046	Jason Groves	NZBS	1520
3047	Caroline Center	TDBX	1521
3048	Barnett Manors	XYYG	1521
3049	Simpson Groves	VJPZ	1522
3050	Jenna River	MAKN	1522
3051	Michael Isle	IXNZ	1523
3052	Hall Highway	JKBS	1523
3053	Andrew Port	KTFB	1524
3054	Ryan Forks	XQPO	1524
3055	Warren Highway	XIVE	1525
3056	Smith Gardens	NQXO	1525
3057	Kevin Lane	HJSF	1526
3058	Isabella Glens	PTLL	1526
3059	Steven Wall	CRLN	1527
3060	Hudson Fort	SEZP	1527
3061	Brown Spring	HWKM	1528
3062	Cook Knolls	AKUM	1528
3063	Williams Vista	CNKT	1529
3064	Mejia Stravenue	FMOQ	1529
3065	Hutchinson Shores	WQPF	1530
3066	Carter Vista	TCVT	1530
3067	Ramirez Oval	HRJR	1531
3068	Michelle Skyway	RNKN	1531
3069	Adams Square	XZBG	1532
3070	Curry Extensions	NYUU	1532
3071	Jennifer Course	PXIH	1533
3072	Raymond Hollow	APVP	1533
3073	Cherry Stream	RKXJ	1534
3074	Patrick Harbors	CDQY	1534
3075	Bailey Meadow	IKCZ	1535
3076	William Ramp	VSSA	1535
3077	David Estates	RQLY	1536
3078	Smith Shore	YHNL	1536
3079	Ruth Haven	HZXO	1537
3080	Kimberly Lodge	XUIA	1537
3081	Julian Fall	HDTV	1538
3082	Jones Lights	EXCV	1538
3083	Carrillo Highway	QRLV	1539
3084	Haynes Common	DMTE	1539
3085	Mary Island	MUKN	1540
3086	Paula Inlet	UKJT	1540
3087	Mcdonald Mountains	BXFU	1541
3088	Alexander Haven	LYLR	1541
3089	Hill Canyon	VURO	1542
3090	Ortiz Brooks	WELR	1542
3091	Ortiz Plains	EKID	1543
3092	White Tunnel	OMEN	1543
3093	Garrett Burgs	IKII	1544
3094	Cox Hills	NJSK	1544
3095	Ortiz Haven	MDOA	1545
3096	Tammy Station	HMIY	1545
3097	Johnson Station	SAUL	1546
3098	Nicholas Glen	KJTK	1546
3099	Paul Mall	UZFC	1547
3100	Tate Mountains	DUAV	1547
3101	Charles Throughway	ATLI	1548
3102	Alexis Summit	ATSM	1548
3103	Cunningham Walks	AXGV	1549
3192	Cartagina	CART	1162
3193	Colca	COLS	1117
3194	Colombo	COLO	1081
3195	Karrala	KARR	1206
3196	Solone	SOLO	1133
3197	Assana	ASSA	1177
3198	Hannah	HHNH	1138
3104	Pamela Light	WIVP	1549
3105	John Ports	BZTZ	1550
3106	William Parks	CTBY	1550
3107	Jimmy Bridge	WSFW	1551
3108	Romero Club	XNCA	1551
3109	Carlson Lock	COAZ	1552
3110	Chase Motorway	UKKV	1552
3111	Thomas Estate	DMPQ	1553
3112	Jesse Ports	VOPI	1553
3113	Henry Village	GBDQ	1554
3114	Sullivan Circles	DHTG	1554
3115	Stanley Throughway	FWKH	1555
3116	Contreras Hills	CLMW	1555
3117	Teresa Parks	FRBJ	1556
3118	Michael Greens	WXKK	1556
3119	Blevins Parkways	SMFZ	1557
3120	Davis Gardens	JMSU	1557
3121	Karen Forge	GRRP	1558
3122	Daniel Gardens	CMUB	1558
3123	Bowman Place	IHKQ	1559
3124	Kimberly Burg	LCIC	1559
3125	Wendy Spurs	BGBH	1560
3126	Wilson Station	VCDU	1560
3127	Smith Crossing	MYBN	1561
3128	Sergio Point	RPBI	1561
3129	Michael Spurs	VZLK	1562
3130	Sharon Union	LLJA	1562
3131	Martin Vista	KFSU	1563
3132	Jennifer Canyon	RZOM	1563
3133	Victoria Plaza	SCWT	1564
3134	Mary Mall	SEFI	1564
3135	Fisher Spur	XMSY	1565
3136	Johnson Ports	HGRC	1565
3137	Jean Plains	YDOW	1566
3138	Michael Squares	EYFM	1566
3139	Travis Branch	BDWJ	1567
3140	Simmons Viaduct	NOGC	1567
3141	Gary Isle	UOPV	1568
3142	Mann Walk	QYMY	1568
3143	Ferguson Forks	ZJEU	1569
3144	Jones Place	LCYV	1569
3145	Robert Mountain	GSED	1570
3146	Ann Parks	MKWB	1570
3147	Alan Mountain	PLWV	1571
3148	Eric Viaduct	UWPY	1571
3149	Duran Shoal	XSVC	1572
3150	Natasha Mission	UYCM	1572
3151	Tracey Rapid	FRQD	1573
3152	Megan Mews	OMQI	1573
3153	Herring Drive	QRLW	1574
3154	Butler Bypass	KBNF	1574
3155	Martin Walk	HICW	1575
3156	Cole Points	MUAR	1575
3157	Clayton Shoals	RSZX	1576
3158	Brandon Prairie	SBXO	1576
3159	Marks Islands	DDMW	1577
3160	Perry Burg	EAZM	1577
3161	Trevino Stream	UGXZ	1578
3162	Kimberly Junctions	CCOV	1578
3163	Mcclure Fork	PGKC	1579
3164	Eugene Glens	GDCI	1579
3165	Summers River	FPZM	1580
3166	Jeremy Ports	LTNU	1580
3167	Katie Valley	PMTQ	1581
3168	Sandra Garden	IXTO	1581
3169	Duffy Row	SBMW	1582
3170	Moore Freeway	UBIE	1582
3171	Wright Junction	MVHI	1583
3172	Jennifer Union	HKPO	1583
3173	Vincent Brooks	ZSOP	1584
3174	Ramos Wells	HQZS	1584
3175	Jefferson Square	TEGM	1585
3176	Kelly Bypass	WVTV	1585
3177	Jamie Courts	MEBW	1586
3178	Perkins Passage	DQRG	1586
3179	Odonnell Trail	EGSO	1587
3180	Gary Camp	MACQ	1587
3181	Johnson Valleys	JGKX	1588
3182	Jones Unions	RRWP	1588
3183	Greg Prairie	BDMU	1589
3184	Wilkins Route	PUIA	1589
3185	Amber Coves	WJKZ	1590
3186	Martinez Parkway	EVJM	1590
3187	Jordan Burg	ZFTO	1591
3188	Adam River	AHXB	1591
3189	Elliott Radial	KLTW	1592
3190	Jordan Brooks	QMHB	1592
\.


--
-- Data for Name: travel_planner_app_city; Type: TABLE DATA; Schema: public; Owner: postgres
--

COPY public.travel_planner_app_city (id, name, country_id) FROM stdin;
1063	Ashleyborough	1
1064	Port Evelyn	1
1065	Bonnieton	1
1066	North Stacy	1
1067	Shannonfurt	1
1068	Martinview	1
1069	Johnborough	1
1070	Ginamouth	1
1071	East Cynthia	1
1072	New Lindseyport	1
1073	Rebeccaborough	2
1074	Bryantown	2
1075	Kirbyville	2
1076	Garciaside	2
1077	New Christopher	2
1078	South Heather	2
1079	Williamport	2
1080	East Ambermouth	2
1081	Josephfurt	2
1082	New Kristenbury	2
1083	Hubbardshire	3
1084	Stacyside	3
1085	Maldonadofort	3
1086	North Edward	3
1087	Vaughnton	3
1088	North Melissabury	3
1089	Hillland	3
1090	Johnsonstad	3
1091	North Anthony	3
1092	Chenmouth	3
1093	North Kevinmouth	4
1094	New Jenniferborough	4
1095	Reynoldsview	4
1096	New Laurie	4
1097	Port Ashley	4
1098	New Jennifer	4
1099	New Stephaniehaven	4
1100	East Douglaston	4
1101	Timothyfort	4
1102	Simmonston	4
1103	Port Alexander	5
1104	Micheleshire	5
1105	East Josephton	5
1106	North Holly	5
1107	North Eric	5
1108	Angelamouth	5
1109	Lisaside	5
1110	New Gregorytown	5
1111	Bonnieberg	5
1112	West Sheilafurt	5
1113	South Ernestfurt	6
1114	South Michael	6
1115	Myersshire	6
1116	Emilymouth	6
1117	East Caitlin	6
1118	Port Gary	6
1119	Hendersonfort	6
1120	Shepardhaven	6
1121	Garciaton	6
1122	North Stephanie	6
1123	Juliemouth	7
1124	New Jamesville	7
1125	West Angelaside	7
1126	Port John	7
1127	Lisafurt	7
1128	Stevenville	7
1129	West Kathleenstad	7
1130	West Angela	7
1131	Lake Austin	7
1132	Lake Brenda	7
1133	Lake Jacob	8
1134	New Meredithville	8
1135	New Lindseyshire	8
1136	West Mallory	8
1137	East Ryan	8
1138	Dawsonhaven	8
1139	Mullinsburgh	8
1140	Kennedyfurt	8
1141	Tammyfort	8
1142	North Lawrenceborough	8
1143	Michaelmouth	9
1144	Lake Devin	9
1145	Kochfort	9
1146	West Benjamin	9
1147	West Erikland	9
1148	Lake Robertborough	9
1149	Lake Lisa	9
1150	Lake Kerry	9
1151	West Audrey	9
1152	South Earlton	9
1153	New Matthewland	10
1154	Annaton	10
1155	Lake Candaceberg	10
1156	Powellfurt	10
1157	Brightstad	10
1158	Longhaven	10
1159	North Sarah	10
1160	Katherineside	10
1161	North Yolandashire	10
1162	Jamesberg	10
1163	West Kristentown	11
1164	New Christopher	11
1165	East Thomasmouth	11
1166	South Mason	11
1167	Karenmouth	11
1168	Port Jasmineside	11
1169	Lake Marktown	11
1170	Anthonyborough	11
1171	New Bryan	11
1172	Russellchester	11
1173	Williamside	12
1174	East Annafurt	12
1175	North Christineport	12
1176	Port Joseph	12
1177	Michelleshire	12
1178	Mendozaton	12
1179	North Morgan	12
1180	Pattersonhaven	12
1181	Port Patriciabury	12
1182	Blakeland	12
1183	West Christopherburgh	13
1184	Port Andrew	13
1185	Laurenbury	13
1186	Lonniestad	13
1187	Riveraport	13
1188	Alexandriashire	13
1189	Hamiltonborough	13
1190	Ernesttown	13
1191	Port Cameronport	13
1192	Stevenshire	13
1193	Davidshire	14
1194	Josephfort	14
1195	East Kennethchester	14
1196	South Amber	14
1197	North Meghan	14
1198	North Richard	14
1199	Watsonfort	14
1200	Moralesmouth	14
1201	Gutierreztown	14
1202	Christophermouth	14
1203	Daleton	15
1204	Michaelchester	15
1205	North James	15
1206	Villegasmouth	15
1207	Port Davidfurt	15
1208	West Randallberg	15
1209	Williamstad	15
1210	South Ellenhaven	15
1211	Port Lawrence	15
1212	Guzmanfurt	15
1213	East Christinaland	16
1214	Stephenville	16
1215	Jonathanville	16
1216	Torresmouth	16
1217	East Susan	16
1218	Brendaborough	16
1219	North Christopherfort	16
1220	Catherinechester	16
1221	Morastad	16
1222	Butlerstad	16
1223	Port Heather	17
1224	South Michael	17
1225	Lake Marcustown	17
1226	South Kevinbury	17
1227	East Branditown	17
1228	East Joseph	17
1229	New Anthony	17
1230	Gouldchester	17
1231	Adamsport	17
1232	Thomasmouth	17
1233	New Katie	18
1234	Smithbury	18
1235	Vasquezport	18
1236	Daymouth	18
1237	New Michelle	18
1238	Stoneton	18
1239	New Joseph	18
1240	South Alexis	18
1241	Kathrynhaven	18
1242	South Alexis	18
1243	Pearsonstad	19
1244	Danielberg	19
1245	Jamesland	19
1246	Ambermouth	19
1247	Ericaton	19
1248	Matthewchester	19
1249	East Andrewton	19
1250	Port Shawnville	19
1251	New Angelica	19
1252	North Matthew	19
1253	Rodriguezshire	20
1254	Greenton	20
1255	North Gregoryport	20
1256	Michaelside	20
1257	New Mary	20
1258	East Matthewport	20
1259	Vargaschester	20
1260	Rileymouth	20
1261	Lake Raymond	20
1262	Coltonfort	20
1263	North Adam	21
1264	North Elizabethchester	21
1265	Elizabethport	21
1266	Nunezmouth	21
1267	Wigginschester	21
1268	Colemouth	21
1269	Heathmouth	21
1270	Shaneland	21
1271	Lake Sandy	21
1272	Sawyerport	21
1273	Lake Jaime	22
1274	Johnsonburgh	22
1275	Tiffanyville	22
1276	West Taraberg	22
1277	Burnettberg	22
1278	South Spencer	22
1279	Robertburgh	22
1280	Port John	22
1281	Patriciamouth	22
1282	Michellebury	22
1283	Robertsburgh	23
1284	Lake Joshuamouth	23
1285	East James	23
1286	East Austinside	23
1287	Troyland	23
1288	Holmesside	23
1289	Thomashaven	23
1290	Lake Douglas	23
1291	Justinberg	23
1292	Ashleymouth	23
1293	North Michaelview	24
1294	Patrickfurt	24
1295	Jasminehaven	24
1296	Matthewborough	24
1297	East Meganfort	24
1298	Bennettchester	24
1299	West Kimberlychester	24
1300	Johnsonville	24
1301	West Heathermouth	24
1302	Port Paulville	24
1303	New Gordonberg	25
1304	East Pamelaville	25
1305	New Kimberlyside	25
1306	New Kevinborough	25
1307	Huffberg	25
1308	New Michaelshire	25
1309	Kristinport	25
1310	South Kevin	25
1311	Paulfort	25
1312	Grossfurt	25
1313	New Dustin	26
1314	Parkerland	26
1315	Edwardsville	26
1316	South Michael	26
1317	East Mallory	26
1318	Port Josephberg	26
1319	Rebekahmouth	26
1320	Lake Isaac	26
1321	New Phillipville	26
1322	East Dylanmouth	26
1323	Michaelfurt	27
1324	South Kelly	27
1325	Lake Whitneyland	27
1326	Kennedyburgh	27
1327	Angelamouth	27
1328	Adamton	27
1329	South Christopherland	27
1330	Hernandezport	27
1331	Lisaville	27
1332	Bettyborough	27
1333	Brownland	28
1334	East Matthewmouth	28
1335	Port Christophertown	28
1336	East Caseychester	28
1337	West Joshuahaven	28
1338	West Crystalborough	28
1339	Port Matthew	28
1340	Christopherborough	28
1341	Willisville	28
1342	Thomastown	28
1343	South Melanie	29
1344	Rogersburgh	29
1345	Feliciaside	29
1346	North Lawrence	29
1347	West Jonathanside	29
1348	West Janiceside	29
1349	South Mark	29
1350	Port Christopherborough	29
1351	Kristamouth	29
1352	Williamschester	29
1353	Wattsmouth	30
1354	Wrightmouth	30
1355	Cantufort	30
1356	Savannahburgh	30
1357	Mcmillanburgh	30
1358	Michaelbury	30
1359	Danielsberg	30
1360	West Erika	30
1361	Ericaberg	30
1362	East Dominique	30
1363	Jamesmouth	31
1364	Chadtown	31
1365	Velezfort	31
1366	Melaniehaven	31
1367	East Davidton	31
1368	Lake Georgebury	31
1369	Ericksonburgh	31
1370	East Davidburgh	31
1371	New Jessicaville	31
1372	West Zacharyfurt	31
1373	South Lisachester	32
1374	West Matthew	32
1375	Charlesbury	32
1376	Harringtonmouth	32
1377	East Tamara	32
1378	New Robertberg	32
1379	North Lori	32
1380	Lake Michael	32
1381	Erinshire	32
1382	Kennedyborough	32
1383	East Tiffany	33
1384	Michaelmouth	33
1385	West Michelle	33
1386	Port Colleenview	33
1387	Lake Sarahbury	33
1388	Velazquezmouth	33
1389	West Mark	33
1390	Lukeside	33
1391	Faithbury	33
1392	Reginaview	33
1393	North Richardberg	34
1394	North Paulbury	34
1395	West Jeromefurt	34
1396	Rossview	34
1397	Port Timothyland	34
1398	Lake Nathan	34
1399	Ortizfort	34
1400	East Norman	34
1401	East Anthonyberg	34
1402	Lake Jesse	34
1403	Laurenborough	35
1404	North Sharon	35
1405	Taylorbury	35
1406	Clarkville	35
1407	East Megan	35
1408	Schneiderbury	35
1409	Juliamouth	35
1410	West Cynthia	35
1411	South Tylerton	35
1412	North Kaylee	35
1413	New Jessica	36
1414	Kinghaven	36
1415	Melissaside	36
1416	Lewisbury	36
1417	Williamhaven	36
1418	Armstrongport	36
1419	Lisachester	36
1420	Saraville	36
1421	Richardside	36
1422	Natalieborough	36
1423	Travisborough	37
1424	East Travistown	37
1425	New Jerry	37
1426	Jenniferville	37
1427	Georgefurt	37
1428	Rhodeston	37
1429	Lake Georgeside	37
1430	Kellyside	37
1431	East Andreatown	37
1432	West Mary	37
1433	New Rebeccamouth	38
1434	Melissaside	38
1435	Warnerchester	38
1436	North Stephen	38
1437	North Annamouth	38
1438	West Johnside	38
1439	Millerborough	38
1440	Kevinberg	38
1441	West Thomas	38
1442	Johntown	38
1443	Jonathanmouth	39
1444	Jeanettebury	39
1445	Youngville	39
1446	Lake Charlestown	39
1447	East Chloe	39
1448	Samanthashire	39
1449	Justinview	39
1450	Youngton	39
1451	Josephberg	39
1452	Tiffanyton	39
1453	Port Debraview	40
1454	North Tylerland	40
1455	Martinezville	40
1456	Johnsonland	40
1457	East Joseborough	40
1458	Lewisland	40
1459	Lawrenceberg	40
1460	Christopherbury	40
1461	Lake Shellyport	40
1462	South Christopherville	40
1463	Colleenfort	41
1464	Bryanmouth	41
1465	East Patricia	41
1466	New Michael	41
1467	East James	41
1468	North Sarahfort	41
1469	East Steven	41
1470	West Saraville	41
1471	East Tony	41
1472	Richmondberg	41
1473	Roblesborough	42
1474	Lake Timothytown	42
1475	Patrickstad	42
1476	East Gloriaport	42
1477	North Miguel	42
1478	East Christopherberg	42
1479	East Shelly	42
1480	New Jasmineborough	42
1481	New Jessefurt	42
1482	Stevenstad	42
1483	Randyside	43
1484	Angelaton	43
1485	Scottburgh	43
1486	Stephenmouth	43
1487	Danielbury	43
1488	New Garymouth	43
1489	Jamestown	43
1490	West Jessicamouth	43
1491	North Anita	43
1492	New Leahton	43
1493	Robertberg	44
1494	Thomaschester	44
1495	Williamfort	44
1496	South Davidbury	44
1497	Port Stacey	44
1498	West William	44
1499	New Danielmouth	44
1500	South Robin	44
1501	Lake Angela	44
1502	Elizabethmouth	44
1503	North Aprilborough	45
1504	Lake Clifford	45
1505	Benjaminberg	45
1506	West Marie	45
1507	Brownland	45
1508	East Deborah	45
1509	Woodview	45
1510	Chavezport	45
1511	Lake Bradside	45
1512	Rachelborough	45
1513	Nguyenburgh	46
1514	Lake Jonathan	46
1515	New Bridget	46
1516	Lake Keith	46
1517	East Nicoletown	46
1518	Lake Andrew	46
1519	West Michael	46
1520	Kaitlynland	46
1521	Roseburgh	46
1522	Lesliefurt	46
1523	Robertfurt	47
1524	Ashleyville	47
1525	Bauerfort	47
1526	Michaelburgh	47
1527	West Davidshire	47
1528	Amandafurt	47
1529	Melissaton	47
1530	Reginaview	47
1531	Marshallhaven	47
1532	Petertown	47
1533	North Christopher	48
1534	West Megan	48
1535	East James	48
1536	New Amy	48
1537	Georgestad	48
1538	Lake William	48
1539	Port Teresa	48
1540	Pinedahaven	48
1541	Michaelburgh	48
1542	New Courtneyburgh	48
1543	Ethanport	49
1544	Spearsbury	49
1545	Ruizview	49
1546	Loriton	49
1547	Port Michael	49
1548	New Daniel	49
1549	Haleymouth	49
1550	Paulaborough	49
1551	Lake Andrew	49
1552	Kimmouth	49
1553	Port Alexis	50
1554	Edwardtown	50
1555	Joshuaberg	50
1556	Lake Catherine	50
1557	South Sally	50
1558	North Josephborough	50
1559	South Dennis	50
1560	Port Hector	50
1561	Mccoyland	50
1562	Robertsmouth	50
1563	Stewartberg	51
1564	Olsonborough	51
1565	West Scott	51
1566	Mitchellshire	51
1567	West Patriciashire	51
1568	New Katherineberg	51
1569	Flynnside	51
1570	Port Gary	51
1571	Robertsonland	51
1572	Doyleview	51
1573	East Todd	52
1574	East Benjamintown	52
1575	East Kenneth	52
1576	Jasonburgh	52
1577	Downsbury	52
1578	Lake Jonathan	52
1579	Sanchezfurt	52
1580	North Robinland	52
1581	South Mario	52
1582	South Erinhaven	52
1583	East Travis	53
1584	Lucastown	53
1585	Evelynville	53
1586	Lake Amandaside	53
1587	Clarkview	53
1588	Yangberg	53
1589	East Dawnfurt	53
1590	Hensonport	53
1591	North Corey	53
1592	Bakerborough	53
\.


--
-- Data for Name: travel_planner_app_country; Type: TABLE DATA; Schema: public; Owner: postgres
--

COPY public.travel_planner_app_country (id, name, time_to_obtain_visa, advance_days_required) FROM stdin;
1	Canada	7	7
2	Germany	7	7
3	USA	21	30
4	Bolivia	14	7
5	Pakistan	13	7
6	Belarus	8	7
7	Italy	9	7
8	Panama	15	7
9	Vietnam	13	7
10	Turkey	10	7
11	Jordan	7	7
12	El Salvador	14	7
13	Equatorial Guinea	13	7
14	Uruguay	11	7
15	Tajikistan	10	7
16	Uganda	11	7
17	Philippines	8	7
18	Azerbaijan	9	7
19	Nicaragua	8	7
20	Greece	13	7
21	New Zealand	15	7
22	Iceland	11	7
23	Guatemala	13	7
24	El Salvador	15	7
25	Togo	14	7
26	The Gambia	7	7
27	So Tom and Prncipe	12	7
28	Zimbabwe	7	7
29	Guatemala	10	7
30	Iran	11	7
31	Lesotho	15	7
32	Nicaragua	13	7
33	Ghana	13	7
34	Dominican Republic	13	7
35	Tonga	13	7
36	Iceland	12	7
37	Lithuania	10	7
38	Tuvalu	8	7
39	So Tom and Prncipe	13	7
40	Libya	14	7
41	Jordan	15	7
42	Mozambique	10	7
43	Kazakhstan	14	7
44	Brazil	13	7
45	Singapore	10	7
46	Laos	8	7
47	Finland	9	7
48	Estonia	12	7
49	Malaysia	12	7
50	Belarus	10	7
51	Turkmenistan	15	7
52	Romania	15	7
53	Bhutan	15	7
54	Inny nowy kraj	100	7
\.


--
-- Data for Name: travel_planner_app_employee; Type: TABLE DATA; Schema: public; Owner: postgres
--

COPY public.travel_planner_app_employee (id, forename, surname, passport_no, nationality, residence_country, residence_city, address, phone, email, birthday, passport_validity, user_id) FROM stdin;
5	Crystal	Wilkinson	1947909946	Azerbaijan	Kenya	New Samuelshire	8244 Shannon Islands Suite 228\nLake Jessica, AK 98565	184.653.5761x5870	erinfoster@knight.net	1972-08-22	2027-07-29	\N
6	Brooke	Miller	5113156849	Thailand	Tuvalu	South Davidview	05053 Lambert Grove Apt. 768\nSouth Thomasside, ME 65088	+1-516-032-1966x7166	atorres@anderson-larson.com	1999-08-30	2020-04-04	\N
7	Christina	Parker	2617838300	Uzbekistan	Montserrat	Lake Stevenborough	080 Michael Tunnel Suite 421\nWest Samantha, MD 10955	+1-291-412-0396x8558	whiteanna@gmail.com	1963-08-02	2028-05-27	\N
8	Marc	Mora	4454332305	Saint Lucia	Cocos (Keeling) Islands	East Alexis	10841 Parker Run\nEast Amyport, VA 78414	001-734-553-2171x5336	richardsmith@yahoo.com	1958-05-20	2027-06-18	\N
9	David	Reynolds	3549038288	Belarus	Russian Federation	West Jonmouth	500 Hicks Road\nNorth Andrew, MI 22357	+1-813-063-7565x712	gonzalezbrian@hotmail.com	1955-04-14	2027-04-01	\N
10	Katherine	Pierce	3143180601	Canada	United Kingdom	South Jeanne	0849 Williams Pine Suite 298\nNorth Jeremyberg, AL 04018	218-606-1120	tmurillo@yahoo.com	1982-05-27	2023-09-20	\N
11	Michael	Martinez	5890843892	New Caledonia	Turkey	East Annberg	60168 Stephanie Village Suite 313\nJasonland, UT 54075	(689)228-3437x962	nicoleadams@moon-campbell.net	1978-07-28	2027-08-07	\N
12	Amber	Brooks	5367807707	Solomon Islands	Brazil	Johnfort	6063 Barton Path\nLake James, NH 84310	720-505-1065	rcobb@suarez.com	1960-11-01	2022-06-04	\N
14	Catherine	Shannon	9029701118	Chile	Tanzania	Elizabethmouth	40980 Hudson Fields\nLake Andrewberg, NH 04795	(176)827-1723x7783	panderson@gmail.com	1987-11-08	2025-07-12	\N
15	Gwendolyn	Stanton	4960494747	Guernsey	Faroe Islands	Knappberg	3709 Gene Path\nPort Kimberlyberg, MS 06617	+1-931-316-3448	aford@yahoo.com	1971-05-01	2020-09-11	\N
16	Heather	Guerra	7876457100	Solomon Islands	Saudi Arabia	Port Joshuabury	7542 Wilson Grove\nGarciaview, GA 13549	349.805.4899x316	ryan79@yahoo.com	1994-04-22	2026-08-29	\N
17	Alyssa	Woodard	6736601220	Serbia	New Zealand	Stephaniehaven	35669 Annette Stream\nWest Lisa, VT 97782	001-974-578-8885	rebeccahansen@johnson-farrell.biz	1975-06-03	2029-12-04	\N
18	John	Aguilar	5409206158	Venezuela	Djibouti	Christopherland	65112 Amy Mission Apt. 983\nHoldenstad, SC 84499	(892)950-6790	meaganhicks@hotmail.com	1990-02-26	2021-11-15	\N
19	Angela	Stanley	8385855431	Nepal	Bouvet Island (Bouvetoya)	Port Stevenbury	PSC 6156, Box 9286\nAPO AP 36342	529-174-7766x10201	shawna99@gmail.com	1986-04-30	2025-01-29	\N
20	Brittany	Massey	4963996327	Malta	Kuwait	Aprilfort	68708 Jones Loaf Suite 837\nNew Matthew, WI 60729	614-063-8323	gcoleman@gmail.com	1986-05-10	2026-09-11	\N
21	Michael	Hayes	6628107256	Taiwan	Iran	South Jenny	91582 Erica Path\nNew Lisa, NJ 07353	510-675-3501	iwilliams@anderson.com	1962-05-23	2026-10-01	\N
22	Danielle	Brown	7497386888	Nicaragua	Turkmenistan	West Duaneborough	30024 Laura Plains\nPort Donald, NE 26705	(475)169-0274	bmckenzie@yahoo.com	1983-04-18	2021-08-27	\N
23	Jim	Lee	4792459057	Cyprus	Djibouti	North John	PSC 8097, Box 3489\nAPO AA 59776	063-913-7786	cobbjessica@bryant-sanders.org	1991-10-05	2024-11-12	\N
24	James	Gonzalez	1403171424	Greenland	South Georgia and the South Sandwich Islands	Kinghaven	7614 Barr Forest Suite 296\nMichaelfurt, GA 45899	307-394-8210x954	qhunt@gmail.com	1965-12-31	2024-03-06	\N
25	Jason	Franklin	4607847701	Kuwait	Hungary	South Heathertown	223 Smith Mountains\nHarringtonland, SD 74452	212.930.6226	ilin@walls.com	1992-10-20	2024-06-19	\N
26	Donald	Moore	9370444932	Comoros	Bermuda	Ralphberg	35295 Ramirez Spurs Suite 414\nBentleyville, TX 39596	+1-622-224-2890x24735	cheryl03@yahoo.com	1977-11-26	2024-11-09	\N
27	Kristin	Lee	9589320148	Iran	Libyan Arab Jamahiriya	Port Anna	PSC 0892, Box 0444\nAPO AA 18784	(314)474-7427x67789	mckinneydavid@yahoo.com	1954-10-04	2029-04-20	\N
28	Matthew	Scott	6446989705	Kuwait	Kazakhstan	West Sandra	525 Campos Highway\nNew Kathryn, WI 04688	001-202-121-8658x81028	arodriguez@yahoo.com	1962-11-11	2029-03-23	\N
29	Mark	Burke	4428871678	Cameroon	Israel	West Juanborough	692 William Haven Suite 445\nWest Deborah, OK 62328	+1-980-775-3160	jessicafrey@gould.org	1972-11-16	2027-07-21	\N
30	Rebecca	Garcia	3198383853	Chile	Mali	Hornview	8453 Johnston Springs\nPort Anthonyfort, ND 73115	(146)456-7141x4260	shelly54@yahoo.com	1973-06-24	2026-01-12	\N
31	Deborah	Curtis	4570764907	Guinea	Tunisia	Adriantown	291 Stacey Crescent Suite 446\nPort Geoffreyside, NJ 48960	(465)667-8960x342	ariel75@jones-torres.org	1985-12-23	2028-04-30	\N
32	James	Cooke	9505016846	France	Senegal	Alexanderborough	USNS Wagner\nFPO AP 01218	(701)452-3883x2743	william76@brown.com	1986-06-28	2021-07-15	\N
33	Paul	Armstrong	2033742551	Azerbaijan	Korea	Richardsonchester	501 Tina Glen\nPort Kelsey, AR 06897	608-584-2793x9297	heather99@gmail.com	1977-07-29	2027-09-20	\N
34	Jennifer	Holmes	1897386882	Tonga	Turkey	East Robertstad	21437 Faith Groves\nEast Danielstad, MT 69713	(194)069-2394x3832	udaniels@yahoo.com	1963-04-27	2029-02-26	\N
35	Destiny	Garcia	3897979551	Indonesia	Belgium	Lake Meganstad	080 Gary Mountain Apt. 377\nGarzaside, VA 61749	709.230.3183x375	david19@gmail.com	1986-05-09	2024-01-05	\N
36	John	Gamble	6395651810	Nepal	Eritrea	Bairdchester	2311 Daniel Prairie\nLopezton, SD 43997	001-580-713-9005x33604	jennifer40@gmail.com	1974-02-09	2029-12-03	\N
37	David	Mccarthy	9285126080	Greece	South Georgia and the South Sandwich Islands	Pamborough	694 Jennings Forges\nBrandonbury, MD 98314	3836492511	sean61@banks.com	1957-10-12	2027-06-18	\N
38	Amanda	Maddox	6021277036	Montenegro	El Salvador	Lake Jonathan	4945 Young Spurs Apt. 589\nDavenportfort, LA 69185	706-048-1476	aaron26@short.biz	1977-10-24	2022-05-14	\N
39	Nancy	Joyce	4276894259	United States Virgin Islands	Nepal	New Evan	7854 Thompson Ports\nLewistown, DE 47800	001-810-612-4485	robertevans@hotmail.com	1977-07-03	2021-05-13	\N
40	Jonathan	Simpson	5793820402	Macedonia	Cayman Islands	South Baileyshire	309 Anderson Estate\nPort Justinton, MD 46790	001-635-348-0245	douglasmcintosh@gmail.com	1974-08-14	2025-11-27	\N
41	Joshua	Mathews	9921821725	Croatia	Tonga	South Matthew	0600 Robert Trail Suite 178\nLake Paulaburgh, KS 08625	+1-803-808-4460	lindastanley@caldwell.com	1984-05-22	2024-04-06	\N
42	Erica	Perez	3500489749	Switzerland	Nicaragua	Rodriguezside	9888 Mark Crossing Suite 593\nNorth Ashleymouth, SC 43329	(808)087-3360x439	buckleylisa@hotmail.com	1969-08-07	2027-06-17	\N
43	Scott	Jackson	9278389207	Moldova	Solomon Islands	West Aaron	1897 Miller Throughway\nNorth Shannonfort, IN 36400	(358)812-8142	veronica04@yahoo.com	1984-03-08	2026-01-04	\N
44	Christina	Allen	1615759226	Sweden	United States Virgin Islands	North Nicholaston	72118 Teresa View\nPort Jameschester, RI 15872	+1-082-401-2288x7265	coxronald@drake.biz	1989-02-12	2024-01-26	\N
2	Alan	Milne	886889494	Indian	India	Bangalore	Karnatak str8, 333-000	008774224444	alan.milne@gmail.com	2020-01-01	2020-02-02	8
1	Jan	Kowalski	SB88882282	polish	Poand	Krakow	ul. Dluga 10	004867676767	travel.planner.employee1@onet.pl	2020-01-01	2020-02-02	6
45	Andrea	Frazier	7411939033	Barbados	Jordan	North Jeffery	68509 Shaffer Manors\nEast Jessicaport, GA 56456	061.525.8127x2489	tdavis@gmail.com	1965-07-01	2027-05-11	\N
46	John	Martin	8958812178	Georgia	Solomon Islands	Port Larry	4473 Wilkins Squares Apt. 653\nWest Kristen, GA 17912	001-047-988-1917x754	williamstammy@thomas.com	1974-07-01	2027-12-31	\N
47	Scott	Lowe	5154382742	Gambia	Nepal	Thomasmouth	585 Anderson Avenue\nNorth Anthonyborough, IN 66127	370.600.4735	cabreramartha@yahoo.com	1993-09-28	2029-03-27	\N
48	Matthew	Nash	8387964743	Taiwan	Monaco	Elliottside	2284 Stephanie Island\nNorth Jennifer, WY 25193	666.084.8208x264	perezkathleen@rivera-lee.com	1990-06-09	2025-03-22	\N
49	Michelle	Higgins	9266105077	Costa Rica	Paraguay	North Jennifer	47814 Richard Bypass\nBrownton, PA 30315	979.092.7484x58433	ptaylor@mcknight.net	1990-11-22	2022-12-18	\N
50	Kelly	Cannon	8049526053	Togo	Jamaica	Angelatown	1188 Byrd Brook\nNorth Lindaville, TX 43768	(999)127-6126x661	natalie54@gmail.com	1983-10-08	2029-10-21	\N
51	Sarah	Mitchell	5290288778	Kenya	Somalia	Nguyenport	233 Patrick Rest\nPort Juliantown, AR 94792	803-854-3411	elizabethrogers@green.com	1954-09-27	2030-02-04	\N
52	Erika	Olsen	4319452754	Spain	Liberia	Kimberlyport	808 Cassandra Hill Suite 788\nSchneidermouth, PA 43117	703.701.9941x724	fmanning@gmail.com	1983-10-26	2021-05-03	\N
53	Anthony	May	9593870201	Cuba	Greenland	Port Bethchester	2592 Garza Freeway\nKingfort, ID 40042	231.047.6597	cindy87@french.com	1980-01-16	2023-08-15	\N
54	Andrew	Rogers	7762867228	Bhutan	Morocco	Port Martinchester	69023 Harrington Route\nElizabethport, NY 23149	001-691-614-7845x323	vdaniels@ware.com	1987-04-06	2028-07-27	\N
55	Eric	Crawford	9650796683	Wallis and Futuna	Niger	North Brian	066 Gallagher Greens Apt. 905\nNew Matthew, DC 36844	+1-691-893-5663x715	melindamarshall@gmail.com	1984-11-10	2020-11-10	\N
56	Kevin	Dean	6982475403	Guyana	Belarus	North Justinburgh	Unit 9080 Box 7755\nDPO AP 93163	(405)397-6274	sara31@bradford.com	1970-11-25	2026-05-06	\N
57	Tamara	Calhoun	4236255143	Poland	Chile	West Angela	11244 Mary Flat\nLake Karen, OK 69347	083.538.9174x221	alyssaoliver@cline.com	1995-01-16	2020-09-19	\N
58	Russell	Simmons	5314606276	Belgium	Niger	West Steven	3361 Ashley Points Apt. 284\nPort Gregory, AK 27019	001-869-672-3113x863	cmoreno@martinez-gomez.com	1954-09-21	2027-05-11	\N
59	Patricia	Bullock	3547862927	Portugal	Germany	West Hannahview	6086 Eileen Row\nPort Jessica, AZ 35680	(045)199-2423	donald93@todd.com	1972-09-28	2022-06-30	\N
60	Jorge	Bowman	6582023651	Falkland Islands (Malvinas)	Peru	Wilkinschester	664 Rush Union\nWilliamsview, WI 03536	(546)201-2571x5050	ghancock@smith-mitchell.com	1997-07-22	2029-12-29	\N
61	Riley	Lee	1497491256	Malta	Azerbaijan	South Austinshire	85125 Lynn Villages\nNorth Jefferybury, CT 67987	001-568-828-6008x71377	nicolemiller@vasquez-townsend.com	1966-08-09	2029-05-03	\N
62	Lisa	Molina	1125306573	Norfolk Island	Faroe Islands	Andrewbury	258 Clark Streets Apt. 143\nHenryhaven, NM 62063	272.930.2181x180	fschroeder@chan.net	1980-12-02	2022-12-08	\N
63	Christopher	Cruz	3414359517	Honduras	Greece	Port Michelle	720 Michael View Suite 379\nBeverlymouth, CT 54240	001-308-843-5314x132	omorgan@yahoo.com	1989-02-23	2026-07-06	\N
64	Donna	Dodson	5581642218	Bahrain	Reunion	Amyberg	PSC 0251, Box 4257\nAPO AA 36185	2125102902	greendavid@hotmail.com	1974-07-08	2028-02-20	\N
65	Claudia	Burnett	4960500961	French Southern Territories	Cameroon	Cooperport	78826 Avila Ville Suite 228\nMedinamouth, ID 72643	7922090248	renee60@villarreal-james.com	1956-10-20	2024-11-18	\N
66	Robert	Holmes	3108547802	Sierra Leone	Monaco	Port Patrickmouth	2607 Nicholas Mews Suite 615\nNorth Barbara, AK 94152	+1-212-363-7830x69008	ibarraedward@yahoo.com	1984-08-25	2021-01-30	\N
67	Melissa	Pittman	2909738442	Finland	Uganda	Lake Emmaview	14765 Williams Hollow Suite 572\nEast Kathleenfurt, NH 98705	202-513-9222x264	alejandro35@gmail.com	1955-03-09	2024-04-05	\N
68	Amanda	Hernandez	6561471124	Burkina Faso	Vietnam	New Miranda	38656 Garcia Forest\nCatherinebury, ID 72190	694.544.9339x820	kyleschmidt@gmail.com	1961-07-20	2022-04-24	\N
69	Eric	Smith	8648933461	Malawi	Macao	Debraton	0601 Brenda Cape Apt. 806\nLake Elizabethfort, OR 36337	355-475-3577x115	deborah72@west.com	1956-02-15	2030-01-21	\N
70	Anna	Daniels	6400070889	Poland	Chad	Stuartmouth	012 Richardson Ports\nShannonstad, ND 16611	001-046-980-7130x3395	adamskara@white-lopez.info	1970-01-29	2025-10-31	\N
71	James	Ayala	6609551543	United Kingdom	Guam	Lake Bruce	Unit 3603 Box 8582\nDPO AE 97454	(920)049-8321	brittany93@yahoo.com	1989-05-03	2023-05-19	\N
72	Richard	Edwards	7851582972	Senegal	Serbia	Lucasmouth	8518 Massey Shores Suite 610\nWest Martin, MS 37269	783.398.4892	dfriedman@gmail.com	1983-08-15	2023-01-16	\N
73	Sean	Thompson	5279749676	Rwanda	Mauritius	Mendozastad	99935 Perry Rapids\nKaylaside, OH 96988	426-157-4828	omartin@valdez-smith.com	1960-06-19	2023-04-06	\N
74	Grace	Gonzalez	9493984096	French Southern Territories	Nepal	South Adamville	521 Heather Bridge Suite 853\nLowefort, NE 61279	699-635-7483x633	lindawhite@yahoo.com	1959-07-25	2030-01-15	\N
75	Ryan	Mitchell	9747909863	Chad	Ghana	South Stephen	2814 Maldonado Locks\nEast Helen, TX 41058	(650)735-2641x99818	banksrandy@chen-holt.biz	1976-06-24	2025-04-08	\N
76	Caroline	Hernandez	2485963245	Peru	Czech Republic	New Frank	490 Jennings Field\nDanielborough, MS 97969	2703808331	mason60@serrano-newman.com	1979-07-31	2029-03-05	\N
77	Madison	Porter	2301551241	Guam	Bahrain	New Lisafort	82325 Christopher Ways\nNew Robert, MO 49950	+1-828-919-8898x320	smithkatelyn@gallagher.biz	1964-07-01	2025-11-09	\N
78	Brian	Davis	4398163259	Vanuatu	Moldova	Port Sean	21255 Jefferson Overpass\nNew Pamelamouth, DC 93368	+1-658-791-1827x52947	jonesmeagan@hotmail.com	1965-06-16	2027-07-28	\N
79	Keith	Moon	7815955292	Pakistan	Spain	West Kayleeberg	7840 Tara Lodge\nWrightchester, MA 57410	(601)588-4577	tyleryoder@russell.org	1961-08-21	2029-10-22	\N
80	Brian	Clark	7895968459	Bermuda	Swaziland	North Rachel	331 Clark Port\nNew Karenfort, RI 26260	994.216.0467x30935	erica26@vaughn.org	1957-11-15	2020-07-31	\N
81	Scott	Gonzalez	3200005183	Cook Islands	Uzbekistan	Barnestown	8329 Tara Keys\nMaldonadochester, ME 80597	001-611-690-2382x4573	michelleblankenship@livingston.info	1960-02-02	2022-08-10	\N
82	Tiffany	Riley	2512625691	Grenada	Singapore	Garciabury	2507 Clayton Mews Apt. 474\nHenrybury, AZ 22977	3687167813	andre37@robinson.com	1990-04-27	2023-10-12	\N
83	Robin	Davis	6099911332	Mexico	Cayman Islands	Jonesberg	445 Jeffrey Path Apt. 984\nSamanthaborough, IN 77465	001-160-232-8648x265	michael14@byrd.com	1991-04-16	2029-02-09	\N
84	Matthew	Mcclure	1385794466	Russian Federation	Guyana	West Alisonshire	USS Turner\nFPO AP 78981	634-132-4408	casey83@yahoo.com	1984-01-14	2023-12-01	\N
85	Amanda	Booker	7901594409	Philippines	Nepal	Wilsonview	21287 Brenda Shores Apt. 388\nAguilarborough, IN 70602	9199680694	phillipsrhonda@yahoo.com	1968-12-22	2023-04-13	\N
86	Gloria	Gonzalez	5748713757	Germany	Latvia	New Donaldton	1658 Miller Estate\nWilliamsfort, MO 79521	+1-394-488-2518x816	scarpenter@taylor-gibson.com	1980-11-18	2026-01-01	\N
87	Billy	Ware	3248523723	Gibraltar	Tokelau	Leeburgh	12757 Marilyn Wall\nAndrewsburgh, AL 61519	001-951-180-2391x395	samuel63@hill.com	1996-04-01	2026-07-06	\N
88	Amy	Hurst	6612713149	Christmas Island	Bouvet Island (Bouvetoya)	Howellport	PSC 3734, Box 8834\nAPO AA 73159	+1-434-027-5477	fpowell@yahoo.com	1998-03-24	2023-09-19	\N
89	Ronald	Clark	6101904677	Argentina	Bahrain	Myerschester	3410 Wendy Park\nNew David, ID 97654	+1-606-854-3282	tuckererik@lowery-miller.com	1984-10-07	2029-04-05	\N
90	Tiffany	Galvan	2001380532	Madagascar	Benin	Port William	244 Evans Highway Suite 352\nColonchester, CT 58125	062-386-0348x40514	laura23@young.com	1981-03-26	2027-03-15	\N
91	Matthew	Cabrera	6493839535	Yemen	Norfolk Island	New Jennifer	5488 Cynthia Ranch\nBrianmouth, WY 77650	(190)411-0700	wolfeteresa@gmail.com	1987-08-30	2028-05-22	\N
92	Ronald	Sheppard	5244686896	Guernsey	Vanuatu	West Christopherfurt	51372 Lauren Rapid Apt. 059\nKatelynside, MA 37024	001-467-504-0205x8948	andreasparks@flores-cook.com	1957-01-18	2027-11-07	\N
93	John	Graves	3128082975	Egypt	Madagascar	Lake Beth	11554 Paul Mall Suite 837\nEast Robert, UT 75249	509-397-7681	kjames@gmail.com	1963-01-19	2028-05-20	\N
94	Ryan	Mendez	9985507399	Saint Helena	Georgia	Sharonhaven	097 White Cove Suite 080\nSouth Thomasmouth, MO 47915	701-371-5136x2431	rtaylor@escobar.com	1959-08-20	2029-03-14	\N
95	Alexis	Brooks	9445848533	Canada	Sierra Leone	Tracyside	7046 Waller Coves Apt. 604\nGrosstown, MT 17254	(861)361-1533x398	harold23@yahoo.com	1979-08-12	2025-12-26	\N
96	Kendra	Jones	3354895392	French Southern Territories	New Zealand	Clineshire	847 James Ports Apt. 628\nShelleyborough, NY 73554	+1-819-127-8892x70287	kanderson@anderson.org	1994-01-21	2028-10-03	\N
97	Caitlin	Smith	6356784176	Congo	Palau	South Ashleyfurt	46668 Stephen Harbors\nPort Erikastad, NJ 85580	624.658.8427	joshuakelly@gmail.com	1987-10-27	2027-12-14	\N
98	Rebecca	Lozano	1894704737	Bolivia	Kiribati	Parksstad	9505 Carlos Valley\nDestinyside, HI 82281	(944)716-3572x78211	nlopez@smith.com	1972-10-19	2028-10-01	\N
99	Kayla	Travis	8562144647	Pakistan	Mexico	Dawnshire	3108 Hunter Underpass\nPort Randallbury, OH 37812	(312)021-0753x418	kathryn82@buck-fisher.biz	1954-11-30	2025-05-04	\N
100	Emily	Andrews	9332407305	Montserrat	Uganda	South Frank	Unit 6002 Box 9709\nDPO AA 46146	(946)833-8574x09944	tracybailey@dunn-brown.com	1955-04-30	2025-08-21	\N
101	Larry	Foster	2471319276	Suriname	Japan	West Jamieton	68835 Daniel Port\nIngramstad, HI 30313	(970)841-9774	anichols@smith-davis.com	1974-06-20	2025-07-31	\N
102	Angela	Davis	9632750842	Slovakia (Slovak Republic)	Isle of Man	Rachelville	41427 Mcpherson Hollow Suite 537\nJessicafurt, IA 41940	+1-330-568-4007x6372	carlosmorgan@anderson.com	1989-07-12	2028-02-08	\N
103	Paula	Romero	6360177589	Dominican Republic	Mexico	Lake Samantha	856 Kaufman Mill Suite 089\nEthanside, RI 58188	+1-470-141-0372x28945	derek89@yahoo.com	1984-07-07	2029-10-15	\N
104	Kimberly	Rubio	1316237898	Mauritius	United Arab Emirates	Parkerstad	3584 John Grove\nEast Frank, IN 26307	001-990-114-2390x08247	jessica24@gmail.com	1977-09-04	2022-08-08	\N
105	Erin	Clark	7650848178	Cape Verde	Latvia	Danahaven	82317 Crystal Center\nEast Kimhaven, AK 60050	+1-784-779-3429x2853	melissacollier@hotmail.com	1958-01-08	2024-07-31	\N
106	Carlos	Smith	6936540859	Ecuador	Grenada	Garnerton	3212 Kurt Valleys\nSouth Maxwell, MS 66099	100.426.8762x3026	ojordan@pratt-thompson.biz	1979-07-19	2028-08-14	\N
107	Tracy	Levine	7954713635	Trinidad and Tobago	Jordan	Port Peterberg	87925 Michael Cape Suite 495\nHarrischester, GA 26480	704-438-6030x4529	davidsmith@stone.com	1983-07-31	2025-02-27	\N
108	Natasha	Holloway	7071104738	Maldives	Suriname	New Nicholas	7437 Stanley Shores Apt. 290\nJonesland, ND 38929	001-727-764-6792	jonathan36@phillips.info	1965-12-23	2029-10-25	\N
109	John	Ryan	7361855024	Indonesia	Saint Vincent and the Grenadines	South Kathryn	28043 Gutierrez Tunnel Suite 348\nArmstrongfort, CT 66491	5793094185	jsmith@hall-barton.com	1966-10-11	2023-05-05	\N
110	Marissa	Jones	1896668697	Bolivia	United Kingdom	New William	28941 Beard Spring\nSouth Meredithshire, AZ 85589	(569)741-4295	courtney07@gmail.com	1996-12-20	2028-05-25	\N
111	Martha	Stokes	1945039689	Bouvet Island (Bouvetoya)	Burkina Faso	New Nicolebury	158 Mcbride Point\nAndrewville, MT 37266	149.129.4055x9520	joseph71@price-sanford.net	1972-12-20	2021-10-24	\N
112	Jasmine	Ballard	2949759279	Cuba	New Caledonia	Portermouth	8369 Jodi Keys Apt. 960\nNew Darinview, NY 19818	001-803-651-7063x523	colonjose@yahoo.com	1962-06-16	2028-07-04	\N
113	Tyrone	Cunningham	9692610425	Australia	Bulgaria	Williamsview	6348 Burton Creek\nLake Charles, NV 37571	001-445-200-5666x57945	jenniferwhitaker@hotmail.com	1973-10-27	2021-04-02	\N
114	Mario	Rodriguez	5189472977	Uganda	Bermuda	New Annette	8526 Michael Dale Apt. 126\nKennethmouth, ME 35085	+1-955-736-5861x01638	rebecca13@hotmail.com	1989-10-23	2024-02-19	\N
115	Christine	Becker	6081204296	Belgium	Fiji	Erikamouth	5432 Brown Ridge Suite 328\nAlexanderchester, ND 14490	+1-348-789-4464	jonesveronica@gonzalez-mcintosh.info	1988-04-10	2024-11-16	\N
116	Cassandra	Ward	1276245567	Kenya	Czech Republic	Sharonborough	4079 Campbell Stream\nMarkborough, GA 59514	(797)532-0189	smithkimberly@wallace.com	1962-07-15	2026-12-10	\N
117	Robert	Johnson	6950150520	Malaysia	Bangladesh	Tranhaven	9647 Crystal Path Apt. 918\nNorth Darrell, MA 75940	295-779-8884x455	zfisher@freeman.com	1978-11-02	2022-06-30	\N
118	Brian	Spencer	9137862563	Malawi	New Caledonia	West Bryan	5552 Fowler Lodge Apt. 168\nCraigland, VT 15931	9992857822	mary29@yahoo.com	1981-10-14	2027-08-07	\N
119	Kimberly	Gonzales	2274762809	Belgium	Macao	New Patricia	738 Simmons River\nWest Victoriaburgh, MD 61367	825-314-6870	rhonda47@nixon.info	1992-05-31	2022-03-16	\N
120	Tami	Morris	9874718944	Israel	Guyana	Port Rossside	USNV Stevens\nFPO AP 00896	873-184-6273x0091	amandaparks@yahoo.com	1955-10-12	2022-05-19	\N
121	Joseph	Collins	3183182711	Burundi	Kazakhstan	Lake Nathaniel	358 Pope Divide\nLake Cristina, NE 66666	001-310-315-1096x50059	michael26@gmail.com	1970-12-22	2027-06-11	\N
122	Mark	Oliver	8722492544	Korea	Palau	Lake Victoriachester	130 Brandy Mill\nLake Gina, CO 77590	+1-050-984-2816	daviskatie@hill.com	1970-04-12	2021-02-25	\N
123	Philip	Webster	9396732663	Namibia	Switzerland	Lake Larry	33829 Darren Meadow Apt. 191\nLuiston, CT 63635	009-745-3758x8124	mariabrown@gmail.com	1974-07-22	2027-09-09	\N
124	Daniel	Lamb	1737273453	Haiti	Vanuatu	East Nicoleville	4436 Michelle River Suite 364\nNorth Nicolefort, ID 25201	(040)191-6658	markatkinson@fischer.com	1977-09-07	2021-03-29	\N
125	Christopher	Wood	7235602570	Bahamas	Andorra	North Robert	50851 Jesus Mountain Suite 070\nNorth Jesus, ID 45756	+1-107-162-0105x814	scott80@hotmail.com	1968-03-12	2027-03-02	\N
126	Keith	Martinez	4603912746	Slovakia (Slovak Republic)	Ecuador	Woodschester	1129 Zamora Flat Apt. 236\nChambersport, NE 90665	229-009-9920	benjamin36@gmail.com	1957-09-27	2022-04-06	\N
127	Jose	Mcdowell	1568162076	Italy	Malawi	Matthewview	974 Victoria Lodge Apt. 994\nNew Amy, IL 63757	245.363.3447	sarah70@kline-gallagher.com	1984-10-11	2024-04-09	\N
128	Mary	Evans	9940352676	Paraguay	Turkmenistan	South Tracyburgh	575 James Course\nErikmouth, NJ 86723	001-753-385-8650x1199	danielleowens@gmail.com	1993-06-19	2025-01-01	\N
129	Felicia	Ortiz	6643532369	India	Pitcairn Islands	West Tylerburgh	1890 Michael Mount\nNew Sheri, SD 36758	+1-917-553-3508	charles19@jimenez-jacobson.org	1971-07-27	2021-05-07	\N
130	Joshua	Harris	7057564461	Canada	France	West Jacquelinebury	831 Gary Stream\nRickyhaven, NE 70809	+1-930-763-0473x1711	obrooks@buck.com	1962-12-09	2028-01-04	\N
131	April	White	2899633661	Marshall Islands	Gibraltar	East Loriville	6624 Duarte Overpass Suite 007\nEast Rhondafurt, RI 41441	7868128684	cwilliamson@hotmail.com	1960-10-03	2023-08-13	\N
132	Carolyn	Dorsey	1920798893	Northern Mariana Islands	Anguilla	South Erikstad	1617 Jamie Springs Suite 603\nPort Michael, AZ 01603	001-356-820-2918x797	amy75@yahoo.com	1967-11-15	2027-07-27	\N
133	April	Allen	2323579970	Latvia	Uganda	Cynthiaport	USNV Davenport\nFPO AP 53532	012-897-2032x954	hillelizabeth@yahoo.com	1972-06-03	2020-06-25	\N
134	Kenneth	Turner	8398465833	Norfolk Island	Saint Barthelemy	North Daryl	0806 Teresa Mount Apt. 578\nEast Joseph, KS 45010	+1-162-498-2536x12230	andrea08@harvey.org	1958-02-01	2021-10-05	\N
135	Caleb	Brown	8034501228	Congo	Gambia	Lake Ryan	14661 Jose Streets Suite 503\nHerrerastad, AR 43559	348.524.8024	reillycynthia@hernandez-brown.com	1998-07-21	2023-03-07	\N
136	Eric	Kramer	2331912504	Pitcairn Islands	Kyrgyz Republic	Watsonburgh	5742 Andrea Valley Apt. 238\nRosarioside, IL 67887	5489818941	amyrodriguez@williams.net	1974-10-20	2021-08-11	\N
137	Nathan	Daniels	8711087647	Vietnam	Malawi	West Alisonberg	74599 Gary Meadow\nKlineland, IN 19639	+1-000-160-5188x759	martinkeith@navarro.com	1993-05-09	2028-08-31	\N
138	Debra	Griffith	6616841982	Austria	Wallis and Futuna	Johnsonton	7438 George Hollow Suite 826\nSmithhaven, AR 12641	9366490537	mcclurecraig@yahoo.com	1956-11-26	2024-06-05	\N
139	William	Krause	4724332676	Benin	British Virgin Islands	Port Stacy	PSC 0974, Box 5270\nAPO AP 09695	624-108-8574	mrobertson@smith.com	1981-09-29	2025-11-04	\N
140	Julie	Ruiz	7912956399	France	Sri Lanka	West Jenniferview	033 Melanie Causeway Apt. 471\nLake Deborahtown, NJ 61897	001-935-744-4519x8776	michelle67@smith.info	1987-03-04	2026-06-30	\N
141	Jason	Rose	3056268320	Venezuela	United States Virgin Islands	Harveyburgh	USCGC Fowler\nFPO AP 33216	848.969.9855	mark56@montoya-walker.com	1973-04-07	2020-10-21	\N
142	Sarah	Roberts	7700821846	Uganda	Tanzania	Walkerchester	3141 Garrison Junctions Apt. 143\nSouth Brent, NE 47028	001-749-358-1267x234	lindseydeborah@palmer.info	1995-05-08	2028-07-31	\N
143	Christopher	Terrell	8277496570	Malaysia	Cameroon	Christinaton	24980 Mark Key Suite 551\nPort Mitchellmouth, ND 76852	(581)660-3126x77424	ashley74@gmail.com	1994-04-22	2020-09-11	\N
144	Michele	Kelly	3929585623	Saint Vincent and the Grenadines	Barbados	Lake Jessicabury	67131 Lee Cove Suite 285\nSouth Matthew, OH 81202	+1-545-402-3237x41725	william63@vasquez.com	1955-05-19	2024-10-23	\N
145	Donald	King	5013803784	Nicaragua	Jordan	Serranoshire	027 Rodney Island\nBobbyshire, MA 67217	152-802-0208x4582	allison95@gmail.com	1971-11-14	2020-08-05	\N
146	Heather	Eaton	3090480024	Saint Lucia	Montenegro	Rosemouth	42177 Richard Passage\nSarahberg, WA 32981	739.437.2511x483	christopherwise@nelson.com	1986-08-07	2027-11-16	\N
147	Jason	Garcia	3882367537	Benin	Montenegro	Hendersonton	5403 Stephanie Summit\nAndrewville, ME 18142	(583)466-1723x83732	gatesjustin@gmail.com	1990-05-23	2027-05-22	\N
148	John	Cannon	8503896872	Vietnam	India	Haysstad	9365 Natalie Rapid\nSouth Jacqueline, DC 12705	2682768594	nicole84@ortiz.com	1970-02-18	2029-10-09	\N
149	Rebecca	Medina	3162466551	Belize	France	Gregoryton	152 Holt Inlet Suite 083\nNealbury, WV 79864	018.903.3307	zgarcia@ford.com	1983-01-29	2023-02-19	\N
150	Amy	King	8496522510	Turkey	Moldova	Port Daniel	0901 Bailey Loop\nNorth Karen, NV 43352	+1-390-514-5459x42192	tiffanychan@knight-mullen.info	1955-05-27	2022-01-31	\N
151	Joseph	Clark	4865496905	France	Turks and Caicos Islands	Walkerburgh	61037 Andrea Via Apt. 267\nWest Daniel, CA 85545	(369)258-3050x178	gordon64@martinez-arnold.org	1983-11-29	2027-04-21	\N
152	Jennifer	Lowery	1885629871	French Southern Territories	Tonga	Lake Justin	64378 Chase Isle Suite 089\nLake Marissa, KY 89257	001-215-963-0798x44199	eruiz@hotmail.com	1980-05-16	2021-06-16	\N
153	Katie	Murphy	4057229704	Macedonia	Saint Vincent and the Grenadines	Mackenziehaven	5523 Matthew Junction\nKingburgh, CO 77300	001-120-723-7481x08522	lori27@cunningham.com	1974-06-08	2023-07-19	\N
154	Patrick	Fry	7092439949	Belize	Nicaragua	South Wendy	0885 Danielle Pine\nMartinbury, ME 68922	212-175-8902x822	chenrenee@herring.com	1977-05-03	2021-09-13	\N
155	Kelly	Holt	8809075626	Brazil	Taiwan	Jacobchester	10757 Bauer Station Suite 096\nWilliamsstad, NC 65263	644-034-6204x592	brownpaul@hicks.com	1981-09-28	2022-11-01	\N
156	Michael	Walsh	5449405310	Jersey	Togo	Thompsonbury	488 Martinez Land Apt. 651\nSouth Nicholas, GA 64446	(877)158-5488	daniellekline@powell.info	1968-06-27	2023-03-05	\N
157	Willie	Williams	5106632799	Aruba	Iraq	Watersberg	PSC 4239, Box 2874\nAPO AP 46455	+1-357-504-7900	denisenavarro@gmail.com	1989-04-02	2026-03-04	\N
158	Carrie	Bennett	8853692629	Malawi	Aruba	Lake Travisburgh	USNS Smith\nFPO AE 18422	001-883-638-0850x1158	janicebrowning@baker.com	1956-04-16	2027-03-04	\N
159	Susan	Curtis	1312607565	Niue	China	North Meganburgh	4008 Dana Tunnel Suite 121\nWest Brittanyborough, WY 20398	001-084-851-0070x3807	nortonjacob@austin-soto.com	1973-05-01	2021-06-02	\N
160	Amanda	Cervantes	5291044831	Mali	Mauritius	Brightbury	Unit 3995 Box 0794\nDPO AA 54921	001-661-179-6040x65306	shelby11@marshall-jones.biz	1962-04-14	2027-03-02	\N
161	James	Hudson	2702580890	Austria	Gambia	New Pamela	5362 Hodges Way Apt. 612\nCastanedaborough, ME 06682	990-342-4350x261	lvazquez@gmail.com	1998-03-11	2028-12-04	\N
162	Nicholas	Richardson	3103060464	Switzerland	China	Lake Sara	909 Wood Lock\nKimport, PA 12095	6303582812	mmarquez@floyd.biz	1978-01-16	2024-02-07	\N
163	Nicole	Kelley	2569407765	Chile	Estonia	Waltersport	0127 Troy Cliffs\nRichardland, MA 02386	829-010-3950	sabrina34@harmon.com	1984-05-04	2023-08-07	\N
164	Suzanne	Ochoa	5711540123	Albania	Australia	South Mario	60156 Hobbs Corner\nPooleberg, AL 34528	(851)800-4746	tracy27@pierce-ruiz.com	1997-02-18	2025-03-10	\N
165	Raymond	Diaz	6127061373	United States Minor Outlying Islands	Monaco	West Johnnytown	51307 Sims Forks Apt. 541\nNorth Stephanie, SD 60207	577-235-0329x62725	loribecker@nelson.biz	1966-09-11	2023-12-08	\N
166	Russell	Savage	5566364279	French Polynesia	Japan	Lake Derrickbury	85849 Stephen Crossroad Suite 812\nEast Cynthiamouth, ND 86768	030-619-9769	haley29@martinez.com	1997-08-30	2028-07-13	\N
167	Kevin	Rose	2973189012	Venezuela	Cocos (Keeling) Islands	Annechester	78496 Mcclain Creek\nChristopherfurt, IN 47159	761-322-0528x697	tonya64@hotmail.com	1960-08-26	2028-08-11	\N
168	Brooke	Contreras	4541306647	Madagascar	Zambia	Davidmouth	518 Charles Shoals\nMichaelfurt, OR 53832	(679)561-9733x45294	perrydebra@yahoo.com	1986-01-24	2024-05-25	\N
169	Julian	Brown	2447616479	Switzerland	Uganda	Brandyview	124 Gabriela Extensions\nNorth Shannon, WV 78184	+1-871-459-9821	williamsbethany@gmail.com	1962-11-01	2021-08-13	\N
170	Jennifer	Oconnor	9129306220	Panama	Guernsey	Cynthiaview	9305 Rose Square Suite 193\nMichaeltown, NH 16427	661-655-8337x96650	joseph55@rose-galvan.com	1991-07-02	2027-12-12	\N
171	James	Bates	7770388612	Thailand	Dominica	Millerville	8928 Turner Lodge Apt. 111\nLake Charlesview, NH 52929	(646)336-1601x98643	virginia06@yahoo.com	1989-12-29	2022-07-07	\N
172	Jessica	Thomas	1241352681	Brunei Darussalam	Philippines	South Sean	55906 Aaron Vista\nWest Kyleberg, SC 02874	(021)735-2727	rswanson@swanson-adams.info	1967-09-04	2024-05-08	\N
173	Ian	Rasmussen	5885663978	Venezuela	Jordan	Cunninghammouth	071 Alice Spring Suite 787\nJonathanport, NH 39211	800-047-6021x78594	roberto50@scott.com	1990-07-25	2023-01-03	\N
174	Cynthia	Graham	8076494328	French Southern Territories	Denmark	East Markborough	65817 Yang Rapid Suite 002\nRichardmouth, NM 83633	445.379.9324x17659	dshort@murray.com	1979-09-07	2022-06-23	\N
175	Alan	Gonzalez	5485645403	Korea	Nauru	Hendrixstad	203 Andrea Parkways Suite 808\nLake John, NC 06832	001-947-656-8891x19858	whayes@gmail.com	1966-07-01	2027-07-11	\N
176	John	Dickerson	6073222134	Russian Federation	Aruba	Tammyberg	43084 Kimberly Stravenue Apt. 770\nNew Jill, SC 69650	+1-362-916-9443x06986	allisonalyssa@gmail.com	1975-12-29	2025-02-26	\N
177	Nicole	Ramirez	3501777240	Saint Lucia	Saint Kitts and Nevis	Onealland	645 Henderson Shores\nVillarrealfort, IA 80539	252.413.3678x838	manueldyer@gmail.com	1960-07-17	2027-09-17	\N
178	Natalie	Brown	1540115600	Afghanistan	United States Minor Outlying Islands	North Johnview	1159 David Neck Apt. 780\nFergusonhaven, TN 79834	001-125-719-1814x1951	smitholivia@jones.com	1981-03-09	2028-02-14	\N
179	John	Cohen	7948575873	Kazakhstan	Guernsey	Benitezborough	68041 Jason Plaza\nBradleyburgh, NY 16881	(309)962-6434	nmelton@yahoo.com	1999-12-27	2025-01-28	\N
180	Matthew	Humphrey	6618873533	Grenada	Greece	Henryhaven	165 Alvarez Highway Suite 243\nTannerfort, KS 73407	(219)402-1197x796	merrittshawn@harris.net	1957-10-08	2021-05-18	\N
181	Edward	Mckinney	5986275034	Chile	United States Minor Outlying Islands	Kathymouth	1019 Douglas Glen Suite 912\nSouth Justin, MS 46881	907.963.6476x5837	paigeriddle@yahoo.com	1984-04-18	2022-05-05	\N
182	Justin	Chavez	1351643049	Latvia	Isle of Man	Timothychester	880 Harris Turnpike\nNorth Shelly, ND 53641	678-132-7987	kristinawright@hotmail.com	1985-07-21	2024-06-03	\N
183	Michael	Davis	1820860072	Libyan Arab Jamahiriya	Mauritania	East Timothy	0567 Danny Streets\nNorth Carrie, CT 78275	(305)242-3892x885	kennedydylan@mendoza-gonzalez.org	1982-06-07	2025-07-17	\N
184	Craig	Taylor	5145201236	British Virgin Islands	Haiti	West Toddfort	2339 Erik Circle\nNew Brendabury, MN 92476	001-892-443-0846	ballardwesley@nicholson.com	1963-04-09	2021-01-20	\N
185	John	Ward	3646293818	Italy	Switzerland	Port Maryville	90112 Jessica Squares\nNorth Larry, NC 68414	316-030-7613x58976	torresandrew@gmail.com	1964-07-08	2029-08-15	\N
186	Andrew	Johnston	1104991290	Myanmar	Colombia	Sylviahaven	66740 Jones Crossing Suite 301\nChristianview, PA 09249	001-447-115-2533x8986	toddmartinez@yahoo.com	1965-04-12	2021-01-31	\N
187	Megan	Martin	6343560071	Estonia	Sweden	Port Molly	76944 Wright Crossing\nMatthewshire, ID 95422	728.987.6409	pageeric@thomas.com	1977-12-04	2021-08-12	\N
188	Antonio	Clark	2911034042	Saint Lucia	Sierra Leone	Jeffreyport	54050 Allison Terrace Suite 886\nBonillabury, VA 08605	(552)906-6468x33281	martinezlindsey@caldwell.com	1959-06-22	2025-01-31	\N
189	Andrew	Williams	2860502717	Western Sahara	Pakistan	East Theodore	334 Logan Crossing Suite 049\nNew Stevenside, DE 91127	+1-513-843-3140x330	ehill@wilkins.com	1985-07-15	2024-11-01	\N
190	Allison	Burton	4158840433	Malaysia	Puerto Rico	Port Randy	7434 Brittany Drive Apt. 396\nEast Julieton, AZ 88872	001-876-541-9920x264	austindaniel@weeks.com	1975-12-20	2029-01-09	\N
191	Ryan	Adams	4820724365	Papua New Guinea	Costa Rica	South Bonnie	45854 April Ways\nRodriguezborough, CT 02376	418-353-6388	hcummings@murphy-atkinson.com	1966-12-04	2024-12-10	\N
192	Matthew	Pennington	2918234026	Germany	Suriname	Richardsfurt	368 Hall Extensions Suite 513\nChristianstad, TX 36510	045.594.7949	jacksoneugene@gmail.com	1977-02-19	2025-07-06	\N
193	Jodi	Campbell	5639070698	Puerto Rico	Czech Republic	South Stephanie	3893 Veronica Mall\nLake Jessicaville, MA 43159	001-571-025-8175	ruth88@lowe-koch.com	1984-03-28	2022-09-12	\N
194	Michelle	Valdez	2464616999	Bosnia and Herzegovina	Saint Martin	South Kathleen	31038 Hughes Summit\nSouth Davidborough, NC 47657	3365278937	ugilbert@gmail.com	1980-11-30	2026-02-01	\N
195	Michael	Griffin	3944008793	Namibia	Korea	West Matthew	551 Ashley Drive\nKirbymouth, WI 65257	800-394-2749x1729	kevin67@gmail.com	1970-10-02	2024-07-30	\N
196	Robin	Jones	5034188069	Macedonia	Netherlands	Jacobview	4765 Terry Plaza\nNew Denise, MD 55716	641-826-7636	fergusonlindsey@yahoo.com	1980-08-16	2023-08-17	\N
197	Eric	Harris	6290270548	French Polynesia	Russian Federation	New Amy	3508 Reyes Point\nWest Patrick, NC 68552	615.151.3547x7600	jonathanwheeler@gmail.com	1967-02-12	2027-01-01	\N
198	Donna	Woods	9817730424	Austria	Antarctica (the territory South of 60 deg S)	Michellehaven	6370 Anna Mountain\nWest Christianview, SC 33273	001-754-873-0377x9864	phamangela@gmail.com	1996-07-20	2020-09-20	\N
199	Nancy	Medina	9140850563	New Zealand	Spain	Escobarberg	Unit 0118 Box 5650\nDPO AE 23265	033.632.0701x043	tsims@bolton.net	1984-12-29	2021-02-24	\N
200	Christopher	Strickland	8524576437	Serbia	Lithuania	Higginshaven	Unit 7989 Box 4995\nDPO AA 78711	0009103610	james40@wilson-smith.com	1964-11-19	2026-08-30	\N
201	Frank	Miller	1718022321	Argentina	Sierra Leone	Kaylaborough	6167 Garcia Crest Suite 549\nMatthewbury, SC 12362	(858)450-4382x3076	ryoung@smith.info	1982-04-28	2027-08-14	\N
202	Nicole	Webb	9071341182	United States of America	Iceland	East Thomasmouth	7586 Hanson Rapid\nBarnettfort, KY 59166	+1-055-757-6150x17685	vdavies@hotmail.com	1970-09-21	2027-07-28	\N
203	James	Lawrence	6317355127	Sao Tome and Principe	Saint Helena	North Nancybury	487 Heather Pass Apt. 874\nLake Robertland, IN 29566	+1-352-493-1708	erinfrazier@hotmail.com	1963-02-24	2028-06-22	\N
204	Joann	Adkins	1222161188	Saint Kitts and Nevis	Nepal	Hernandezville	6030 Robert Viaduct\nJosephborough, NC 31285	648.214.4886x8387	john97@yahoo.com	1961-05-06	2026-02-17	\N
205	Julie	Taylor	1824568029	Armenia	Western Sahara	Lake Martha	048 Sarah Falls Suite 296\nNew Deborah, MD 39147	001-351-339-7735x479	brandon79@mcmillan.com	1975-06-22	2024-06-28	\N
206	Daniel	Scott	6301402642	Jordan	Norway	Pamelaburgh	PSC 1779, Box 9576\nAPO AE 69114	323.378.2783	nfritz@clark-lang.info	1982-03-16	2029-01-04	\N
207	Amber	Atkinson	5031498994	Senegal	Mali	New Stevenbury	48249 Bradley Overpass\nSmithbury, SC 37657	6601497258	ginacarter@yahoo.com	1999-07-01	2028-07-17	\N
208	Joshua	Ramirez	2430345126	United States Minor Outlying Islands	Georgia	Chapmanville	31818 Franklin Road Apt. 527\nStephenport, MD 32500	1390581302	joshua52@murphy-butler.org	1985-10-24	2025-11-21	\N
209	Katie	Bonilla	7113055319	New Zealand	Samoa	North Daniel	9931 Ashley Mountains Suite 038\nJosephberg, NC 30947	001-791-795-0313x12902	veronicalester@yahoo.com	1984-04-27	2020-03-18	\N
210	Sean	Grant	6943144278	Belgium	Vanuatu	New Jennifermouth	404 Gould Expressway\nHendersonfurt, IN 67418	097-342-8432x8904	vlewis@bowman-west.com	1976-10-07	2027-08-08	\N
211	Jessica	Norton	1188014480	Montenegro	Vanuatu	Kingfort	27302 Richard Vista\nClaytonshire, MI 29165	(233)701-7578	hamiltonjack@mitchell.net	1958-03-24	2026-03-11	\N
212	Brian	Meyer	6952758340	Honduras	Maldives	Yorkfurt	07161 Williams Creek\nBakershire, TX 72075	937.997.4778x97604	reedjose@reid.info	1983-03-03	2025-03-14	\N
213	Donald	Jimenez	2325120157	South Africa	Costa Rica	Taylorville	730 Erik Locks Apt. 588\nWest Christopherton, FL 73097	+1-304-330-4588x193	ngarcia@hotmail.com	1982-01-22	2028-11-16	\N
214	Gregory	Parker	6862173451	Venezuela	Nauru	Lake Sara	5986 Dalton Extension\nKristaland, NM 63384	(496)435-1329x756	morrislisa@yahoo.com	1992-01-25	2023-12-05	\N
215	Beth	Stewart	2659318181	Macao	Mongolia	South Davidborough	07989 Norma Extensions Suite 606\nFrenchport, FL 18275	+1-581-390-6488	brad05@evans.info	1986-10-25	2023-06-14	\N
216	Jeffrey	Wilcox	8797640975	Eritrea	Wallis and Futuna	Kevinfurt	734 John Stravenue\nLake Jeffreyborough, UT 17574	001-583-680-5785x703	ryan52@yahoo.com	1954-04-28	2028-09-03	\N
217	Aaron	Craig	7258473503	France	Morocco	Kevinbury	926 Paul Knoll\nAbigailburgh, MS 62290	(039)986-4591x1416	janet87@jarvis.org	1990-12-07	2021-11-25	\N
218	James	Harmon	1903945270	Korea	United States Minor Outlying Islands	North Cody	524 Kimberly Locks\nJonathanberg, CO 66551	321.867.9456	uluna@yahoo.com	1981-02-02	2026-12-06	\N
219	Alyssa	Parker	7445608785	Kuwait	Nauru	Staffordchester	5953 Rachel Viaduct\nArellanochester, ND 85245	173-382-6395	emily40@gmail.com	1960-10-11	2026-09-28	\N
220	Paige	Morales	8285079764	Martinique	Saint Kitts and Nevis	West Sarahville	9430 Mark Common\nPort Mary, CA 35278	924.811.5929x010	jasonbanks@gmail.com	1985-11-13	2023-03-07	\N
221	William	Pearson	4235266376	Brunei Darussalam	Saint Helena	West Cindy	906 Miller Inlet\nPort Ryan, OR 23459	(005)895-6616	stephanie05@moore.biz	1977-11-07	2023-06-25	\N
222	Brooke	Hart	8341391479	Austria	Aruba	North Christyfort	1591 Dunn Squares\nSandyfurt, WV 23504	558-214-4642x07409	hmitchell@pace.com	1982-04-22	2022-09-27	\N
223	Dakota	Smith	1870300203	Saint Vincent and the Grenadines	Bahrain	Gregoryburgh	09811 Timothy Ridge Apt. 350\nRodriguezchester, ID 51475	858-531-6482	kristen31@hotmail.com	1992-01-17	2022-08-17	\N
224	Ann	Melton	5148355656	Canada	Brunei Darussalam	New Molly	7194 Guzman Station\nEast Danieltown, ID 40553	888-842-9661x45486	kmitchell@hotmail.com	1972-03-05	2027-04-12	\N
225	Cassandra	Avila	8139692828	Brazil	China	Baileytown	14082 Miller Pines Apt. 591\nVictoriaburgh, VT 13662	383-630-6219x6768	tiffany74@smith.com	1968-07-28	2023-09-28	\N
226	Jason	Thomas	3230266298	Dominica	Mongolia	Dianeside	9817 Robert Common\nBarrbury, VA 62620	907-154-3934x329	martin68@yahoo.com	1966-03-20	2022-04-29	\N
227	Alexander	Wilson	3185937910	Egypt	Cambodia	Knightstad	Unit 6326 Box 2517\nDPO AA 72285	001-595-700-2589x73295	tarabenton@yahoo.com	1958-05-25	2024-04-11	\N
228	Max	Weaver	3974854465	Gabon	Norway	North Brian	848 Paul Fall Apt. 291\nKleinfort, SD 30631	(667)964-7101	amyobrien@richards.com	1997-01-13	2029-12-14	\N
229	Nicholas	Lopez	5734343806	Norfolk Island	Montserrat	West Katherinehaven	80570 Jason Creek\nBarrybury, VT 90066	914-808-7189x18398	haley49@hotmail.com	1979-05-23	2023-03-09	\N
230	Amy	Floyd	6371624665	Venezuela	Netherlands Antilles	Grayborough	14733 Ryan Mission\nSingletonview, VA 90411	368.770.2694x662	ybuchanan@hotmail.com	1964-06-24	2020-07-05	\N
231	Jill	Huynh	8834607847	Burkina Faso	Suriname	West Troybury	93296 Evan Ford Apt. 016\nWest Christianview, AR 21435	267-723-9264	joshuacordova@vasquez.net	1966-01-19	2028-12-31	\N
232	Richard	Humphrey	2969200806	British Virgin Islands	Trinidad and Tobago	North Meganmouth	9157 Ramirez Lakes Suite 688\nPonceport, CT 95902	001-865-974-6295	amanda39@hotmail.com	1968-09-01	2029-03-01	\N
233	Anthony	Davidson	6104254422	Belize	Portugal	Troyshire	612 Lucero Circles Apt. 693\nHarryborough, IN 79866	+1-952-269-6867x621	xbowman@fox-hicks.com	1971-04-10	2021-08-05	\N
234	Andrea	Powers	7426316135	Jersey	Paraguay	North Crystalburgh	96561 Cassandra Pine Suite 219\nNorth Jose, VA 82427	001-747-642-9473	johngray@stark-smith.com	1999-04-05	2026-08-21	\N
235	James	Mendoza	3071212118	Norway	Ecuador	Port Christopher	USNS Dennis\nFPO AE 93450	991.378.4551x579	mortoncurtis@yahoo.com	1956-05-25	2025-08-28	\N
236	Mikayla	Knapp	9921148835	Holy See (Vatican City State)	Christmas Island	Stephanieland	1063 Tanya Ferry Apt. 452\nEast Erica, WI 50396	047.667.2653	michael75@jimenez-lucas.com	1986-10-30	2020-10-06	\N
237	Matthew	Bridges	8737337629	Nicaragua	Saudi Arabia	Port Timothy	9655 Aguilar Freeway Suite 997\nEast Taylor, OK 66306	(795)928-0265	millerbrenda@hotmail.com	1997-12-20	2028-05-08	\N
238	Douglas	Robbins	8020732752	Malawi	Chad	West Jeffrey	56820 Jones Run\nNorth Josephstad, RI 89373	759.020.5675	welchjohnny@lam.net	1975-05-07	2026-12-10	\N
239	Karen	Robinson	2678879863	Dominica	Kenya	New Jamesview	7151 Jones Spring Apt. 515\nSouth David, KS 11244	+1-105-632-9337x425	qsmith@gmail.com	1993-04-03	2022-03-24	\N
240	Brandon	Richardson	8717331979	Solomon Islands	Equatorial Guinea	Veronicaburgh	4880 Miller Avenue\nNorth Tiffany, DE 31720	(597)469-2985	ehernandez@sanchez.com	1992-09-28	2025-07-06	\N
241	Diana	Lee	5988438381	Peru	Armenia	New Samuel	41170 Edward Mission Apt. 636\nDavidshire, AZ 63943	154-389-5775x68678	sergio53@yahoo.com	1984-05-13	2021-05-23	\N
242	Mark	Dudley	3699063937	Pakistan	El Salvador	Baldwinmouth	758 Oliver Plaza\nWest Gloria, IN 05014	3262688007	lprice@hotmail.com	1998-07-20	2030-01-24	\N
243	Kenneth	Wallace	9598062772	Turkey	Sao Tome and Principe	Port Richard	24434 Alexander Springs\nAdamview, KY 87027	601-297-0186	andrew66@ryan.net	1995-06-26	2025-05-30	\N
244	Megan	Reed	3217908989	Serbia	Afghanistan	Steeleborough	9021 Atkins Square Apt. 626\nRobinsonborough, MO 56448	001-449-165-9271	watkinskevin@rice-carter.com	1976-04-02	2023-02-04	\N
245	Ryan	Carter	7241747414	United States Virgin Islands	Slovakia (Slovak Republic)	South Justin	84424 Tyrone Ferry Apt. 729\nWest Cathy, TN 27628	(231)377-3948x4784	ashleytrevino@wright.com	1991-07-28	2027-05-29	\N
246	Anthony	Murray	5441855306	Israel	Madagascar	Jennifermouth	PSC 2145, Box 2634\nAPO AA 73829	(003)064-7288x06497	ugreene@hotmail.com	1994-03-30	2021-06-07	\N
247	Katrina	Poole	5683170759	British Virgin Islands	Ghana	Georgeville	088 Maria Route Suite 382\nSouth Ericamouth, NH 03497	965.521.4761x868	sarahmullins@jenkins-schmidt.com	1990-12-21	2030-01-23	\N
248	Patricia	Simpson	5969769205	Botswana	Iceland	Stephaniebury	100 Anthony Forest Apt. 815\nNorth Jessicachester, NY 56331	0427147283	wolfesusan@yahoo.com	1958-06-16	2024-06-26	\N
249	Cheryl	Clark	6857500972	Pakistan	Greenland	East Justin	9130 Bartlett Views\nNorth Jessica, DE 05931	4500640662	jenniferwalsh@gmail.com	1982-05-03	2023-12-18	\N
250	Cody	Powers	1349594145	Micronesia	Vietnam	Morristown	USS Freeman\nFPO AE 91610	(541)558-1189x580	ilopez@gmail.com	1996-06-29	2022-06-06	\N
251	Monica	Shaw	2855293542	Bosnia and Herzegovina	Bulgaria	North David	62004 Jennifer Shoal\nWilsonfurt, NE 35230	666.842.2600x67810	erandall@hogan.biz	1996-06-09	2021-10-10	\N
252	Robert	Clarke	4840626973	China	Congo	West Maryfort	2576 Ryan Crossing\nMariamouth, DE 50189	001-960-542-5091x46282	sarahsanchez@fitzgerald.com	1962-08-09	2023-03-23	\N
253	Michelle	Spence	5431824811	Iran	Montenegro	West Colleen	1021 Eric Drives Apt. 297\nJennashire, TX 20576	+1-259-609-6057x88322	wmurphy@thomas.com	1957-03-09	2026-09-12	\N
254	Jesse	Fox	2405159526	Liberia	Saint Helena	New Christinamouth	884 Perry Valleys Apt. 565\nWest Justin, OR 20003	+1-244-527-8747x20683	romeronicole@gmail.com	1998-08-25	2022-03-20	\N
255	Tracy	Miller	4025665052	Bermuda	Mauritania	West Denise	9634 Parker Fort Suite 991\nSouth Tylermouth, OH 15677	(057)440-4805x019	dsanders@hotmail.com	1997-09-10	2029-02-24	\N
256	Sandra	Solis	9323706005	Cayman Islands	Tunisia	Coxfurt	0440 Kim Trace\nGonzalezbury, NJ 76728	217.145.3481x310	williamsmackenzie@martin-sandoval.info	1998-08-14	2029-02-05	\N
257	Melanie	Miller	4571693199	Spain	United States Minor Outlying Islands	East Juliechester	445 Miller Road\nSouth Shane, NJ 07666	(663)636-9200x203	alex45@yahoo.com	1996-10-11	2023-12-20	\N
258	Meghan	Jones	8826620792	Germany	Togo	Joshuaberg	73959 Shepherd Loop\nNorth Johnside, SD 32585	(571)853-2408	dennis76@yahoo.com	1958-01-29	2023-09-09	\N
259	Mary	Anderson	4945681512	Greenland	Argentina	Port Sheilafurt	PSC 0694, Box 2809\nAPO AA 25858	001-104-843-6970	melissa98@cruz.org	1957-04-29	2022-11-07	\N
260	Tracy	Moreno	2277173467	Moldova	Turks and Caicos Islands	Kellerfurt	4123 Amber Gateway Apt. 607\nPort Christianville, AZ 51340	996.198.1794	scott15@gmail.com	1980-12-24	2022-03-05	\N
261	Jessica	Torres	7000362404	Sierra Leone	Sri Lanka	North Williamton	USS Johnson\nFPO AP 94133	(619)628-6641	gabrielle37@gmail.com	1982-05-31	2022-03-26	\N
262	Rebecca	Kim	3468298573	Afghanistan	Albania	Andrewtown	USCGC Brennan\nFPO AA 48783	348.110.7756x03716	wheath@gmail.com	1968-05-09	2029-06-16	\N
263	Diane	Le	2904405980	Brazil	Dominican Republic	Timothyfort	1162 Joshua Cliff\nBrittneyside, CA 61537	001-002-632-3083x9104	rcarter@heath.com	1976-03-01	2025-11-18	\N
264	Krista	Roberson	3255522327	Nigeria	Haiti	Elijahport	22139 Diane Walk\nNew Elizabeth, NY 69268	830.542.4991x318	william74@williams.com	1956-05-21	2026-01-02	\N
265	William	Long	9301646841	Indonesia	Kuwait	New Michael	124 Young Camp Suite 403\nPort Aaronton, WI 95423	+1-028-342-5988	jeremywilcox@palmer.biz	1961-06-05	2024-10-12	\N
266	Andrew	Stevens	3776505396	Madagascar	Niue	Downsview	69093 Herman Radial\nOrtiztown, AK 66553	573-590-4533x861	wallacejoseph@mata.org	1984-02-11	2024-12-29	\N
267	Nicole	Frank	6251864016	United States Virgin Islands	Czech Republic	North Anthonyland	9804 Woodard Station\nAmbermouth, NH 85175	794-284-8422	cassandramoore@gmail.com	1956-04-23	2024-06-27	\N
268	Rodney	Choi	4454668847	Seychelles	Suriname	Saundersberg	1258 Brian Crossroad\nNew Mary, ID 48838	+1-492-834-4280x27613	steve51@hotmail.com	1972-02-25	2024-11-29	\N
269	Clayton	Massey	9872672887	Liechtenstein	Brazil	New Raymond	578 Susan Radial\nSouth Daniel, LA 60337	081-075-4740	julieortiz@jones.org	1984-12-17	2028-02-12	\N
270	Nicole	Green	7220914236	Netherlands Antilles	Indonesia	Lake Joshuahaven	3929 Watts Crest\nDonnamouth, ID 86126	463-837-2050x034	derek39@yahoo.com	1990-12-17	2027-08-09	\N
271	Kevin	Martinez	4379872839	Cameroon	Greece	East Teresa	Unit 1935 Box 3945\nDPO AE 38679	220.549.1890	jfox@wilkins.com	1987-08-26	2027-07-05	\N
272	Joseph	Sullivan	6893197789	Botswana	Holy See (Vatican City State)	South Bradley	70466 Scott Lakes\nKevinton, OK 50843	001-637-048-1427x86894	sean42@yahoo.com	1981-12-27	2028-03-16	\N
273	Christopher	Garcia	5936833749	Eritrea	Luxembourg	Port Soniaton	00720 Marie Island\nCynthiaville, OR 83720	(921)477-0444x660	terrimorales@hotmail.com	1971-05-05	2024-03-24	\N
274	Evan	Hoffman	2393902264	Kenya	El Salvador	Perezmouth	6157 Timothy Drives Apt. 907\nKylebury, NY 13145	939-715-7278	usharp@guzman.com	1974-03-13	2020-10-18	\N
275	Kenneth	Thomas	8760594761	Netherlands Antilles	Sierra Leone	Fieldsbury	69213 Anthony Via Apt. 471\nKatelynmouth, CT 36557	(617)022-8250x1443	zpearson@hotmail.com	1978-10-17	2025-08-10	\N
276	Michael	Hawkins	6068861520	Pitcairn Islands	French Southern Territories	South Andrewmouth	Unit 1605 Box 3888\nDPO AA 09209	608.694.9245x67228	frose@martinez.net	1987-10-10	2027-07-15	\N
277	Alexander	Gomez	2483114012	French Polynesia	Afghanistan	Lake Jamesfort	53483 Miller Mill Suite 368\nEast Laurafort, GA 60312	+1-924-372-8329x4699	phillip16@yahoo.com	1969-08-22	2022-10-19	\N
278	Erin	Marshall	5777332619	Jordan	Brunei Darussalam	Port Gary	1047 Bates Villages\nEast Andreaview, NE 26707	(445)959-7043x0518	mahoneykimberly@gmail.com	1978-04-18	2027-12-10	\N
279	Bianca	Turner	1968904091	Niue	Mexico	Markborough	03047 Heather Orchard\nJennifershire, SC 56175	001-729-086-5053x33655	stephenthompson@hensley.net	1997-05-06	2026-06-12	\N
280	Marilyn	Vargas	7603680896	Cyprus	Kuwait	Jorgetown	01582 Smith Port\nNorth Meganland, IA 72112	001-351-914-1218	kevin79@yahoo.com	1998-07-13	2023-12-26	\N
281	Elizabeth	Hunt	9548839788	Serbia	Mauritius	Kellyview	055 Reed Spring Apt. 216\nSouth Sherrifort, AL 13126	(360)678-0654x8693	daniel19@gmail.com	1991-10-26	2025-07-27	\N
282	Jenny	Salazar	7540403965	Antigua and Barbuda	Argentina	Lake Debbie	371 Grimes Station\nRodriguezmouth, OH 55595	001-924-350-2867x4594	cookpaul@gmail.com	1983-08-19	2025-09-06	\N
283	Maria	Bonilla	7965950071	Palau	Antigua and Barbuda	Meganmouth	2266 Reyes Lodge\nEast Dominique, RI 65587	858-551-7531	cynthia88@bradford.biz	1955-02-04	2029-04-23	\N
284	Johnny	Whitehead	8212191204	Benin	Netherlands	New Joe	047 Welch Lock Apt. 231\nNew Isabel, HI 26466	(965)263-8738x220	john39@hotmail.com	1972-12-06	2024-04-21	\N
285	Jenna	Lowe	8597029775	Cocos (Keeling) Islands	Iraq	East John	478 Avila Heights\nWest Franklin, OR 55210	347-490-7369	natalierojas@clark.com	1960-09-27	2028-12-14	\N
286	Tara	Jordan	1692854191	Congo	Micronesia	West Kristin	8215 Bradley Bypass Suite 985\nNew Stephenland, KY 08792	(072)565-8456	danielstrickland@thompson.com	1954-04-06	2028-09-14	\N
287	Tara	Thomas	3011963474	American Samoa	Syrian Arab Republic	Port Juliatown	348 Hill River\nNorth Patricia, UT 80822	+1-851-197-5916	autumn11@williams.com	1980-04-30	2023-08-21	\N
288	Melissa	Christensen	6645463640	Cote d'Ivoire	Taiwan	Harrisbury	9945 Marquez Harbor\nHarthaven, IL 34614	0443570203	bbranch@velazquez-le.com	1974-06-11	2024-10-15	\N
289	Bobby	Hooper	2866231355	Togo	Micronesia	New Charlesview	40397 Miller Drive Apt. 957\nHeatherstad, LA 84633	7076669269	stephaniemcdonald@gmail.com	1978-11-21	2027-09-01	\N
290	Amanda	Guzman	9389140633	South Africa	Andorra	New Lindseytown	USCGC Daniel\nFPO AA 47281	+1-482-364-7914	richard84@hotmail.com	1987-10-09	2028-12-27	\N
291	Michelle	Vaughn	4614630596	Uzbekistan	Netherlands Antilles	Mckenzietown	49936 Fischer Parks Apt. 143\nPort Stephenborough, GA 14408	239.556.9303	smithtammy@gmail.com	1954-04-04	2028-10-07	\N
292	Karen	Miller	1073667189	Armenia	Palau	Deborahmouth	61853 Hernandez Island\nWest Alexander, MT 26324	(177)824-6724x304	guerrerotimothy@hill-lawson.com	1986-05-18	2028-11-19	\N
293	Sara	Terry	1640988859	Saudi Arabia	Romania	Lake Gregoryton	USS Young\nFPO AP 21730	816.302.9012x9862	christopher96@gmail.com	1996-05-14	2028-06-05	\N
4	John	Valdez	1289419002	Switzerland	Anguilla	South David	504 Baldwin Vista\r\nSouth Sethberg, NC 29624	660-761-5800	reynoldslori@parker-mendez.com	1973-09-19	2029-04-24	7
\.


--
-- Data for Name: travel_planner_app_hotel; Type: TABLE DATA; Schema: public; Owner: postgres
--

COPY public.travel_planner_app_hotel (id, name, address, phone, cost_per_night, city_id, email) FROM stdin;
1	Rodriguez	80479 Aaron Ways\nSouth Morgan, KY 97598	687-509-6347x6719	240.00	1063	josephperez@yahoo.com
2	Sandoval	8002 Mcdaniel Circles\nSouth Brianland, MN 99019	001-195-485-2324x66876	250.00	1064	xjenkins@ware.com
3	Li	413 Gonzales Corners Suite 203\nDavidside, DC 31585	648-751-8365	300.00	1065	bbullock@johnson-vasquez.com
4	Montgomery	293 Hartman Green Apt. 852\nNorth Cheryl, GA 17125	746-952-1841	130.00	1066	smithpaul@yahoo.com
5	Williamson	8176 Wong Roads Suite 101\nSouth Melissastad, DC 08584	267.920.4371x72018	150.00	1067	clinepatricia@gmail.com
6	Harrell	60665 Guerrero Islands Apt. 254\nCynthiabury, ID 50199	+1-830-438-8737x9452	60.00	1068	dyerlaura@mcmahon.biz
7	Bowman	5711 Martinez Springs Suite 132\nNorth Rebeccachester, NJ 39307	136.256.4676	220.00	1069	rebecca17@riley.com
8	Smith	77674 Smith Ports\nEast Michelle, HI 81346	(511)012-3434	150.00	1070	laurarodriguez@gmail.com
9	Carter	70607 Cody Summit Apt. 202\nNew Charleshaven, IN 66743	529.442.3988	300.00	1071	wdavis@stone.com
10	Taylor	6754 Garcia Viaduct\nNorth Melissa, IA 40304	001-459-579-3696x056	130.00	1072	jason36@yahoo.com
11	Villa	10093 Hall Summit\nLake Heather, NE 75733	688.084.3531	90.00	1073	moorealexandra@hotmail.com
12	Johnson	9308 Sanchez Trafficway\nMarkburgh, MT 23551	+1-965-805-6203x17252	150.00	1074	rschmidt@parker.net
13	Baker	72706 Benson Forest Apt. 513\nWest Victoriafort, VT 26360	917.404.5376x183	200.00	1075	asmith@gmail.com
14	Medina	33221 Kelsey Skyway\nThomasburgh, KY 24489	+1-115-602-7827x03310	120.00	1076	isaiah65@ramos-contreras.com
15	Stephenson	103 Joshua Manors Suite 761\nDanielborough, NJ 51554	+1-271-124-5877	210.00	1077	joshuaoneal@gmail.com
16	Hoffman	07855 Gloria Brook\nAdamshire, WY 23749	387.673.7788x15729	80.00	1078	marvin64@wilson.com
17	Harris	5118 Matthew Mill Apt. 808\nPort Bradyshire, IL 09356	307.266.7758x0610	200.00	1079	xthompson@holt.com
18	West	308 Thomas Manor\nDarrylfurt, AL 09700	001-170-497-8606	100.00	1080	monicamathis@yahoo.com
19	Stewart	18129 Garcia Expressway\nEast Gerald, CA 88749	450.616.2641x903	280.00	1081	bellronald@lyons.com
20	Jones	9713 Peterson Forge\nWest Sierra, TN 79390	209.052.0898	80.00	1082	castillojonathan@yahoo.com
21	Robinson	85661 Hartman Points\nNorth Terrichester, DC 85524	840.264.8122	240.00	1083	jasonhicks@myers.com
22	Brandt	2449 Michael Wells\nWest Tracy, MA 01946	218.333.2543x17473	210.00	1084	wayne00@yahoo.com
23	Irwin	PSC 8235, Box 4448\nAPO AE 79864	+1-075-637-8312x55958	300.00	1085	holtanthony@hotmail.com
24	Brooks	2613 Sanders Creek\nWest Louis, MO 35836	571-119-5081x808	180.00	1086	malonedustin@yahoo.com
25	Riley	54524 Ray Camp\nMarshtown, NC 07329	001-659-030-5135	70.00	1087	achase@french-johnson.com
26	Hernandez	634 Buckley Flats Suite 949\nJonathonborough, MO 82723	001-941-601-5488x067	290.00	1088	brooksandrew@gmail.com
27	Martinez	35436 Simon Curve\nStephenfort, FL 22608	579-805-8074x936	220.00	1089	frankwilson@smith-barnes.com
28	Williams	5357 Juan Ways\nSouth Nicholas, CO 98975	424-694-4051x060	130.00	1090	pcabrera@good.biz
29	Freeman	8144 Emma Fields Apt. 891\nNew Lonniemouth, UT 90027	(980)011-4038x73017	150.00	1091	umoore@harper.info
30	Schultz	PSC 0355, Box 0485\nAPO AE 99052	001-610-817-1819x26525	300.00	1092	maxcardenas@yahoo.com
31	Parker	35115 Michael Fords Suite 311\nRamirezville, MS 90275	001-193-144-0123x8358	250.00	1093	brownyvonne@hotmail.com
32	Berger	808 Billy Manors\nTerrimouth, AR 76304	(026)809-7537	100.00	1094	uhardy@chen.com
33	Wells	5217 Samantha Loop Apt. 786\nJohnton, MO 80039	404.767.9267x6448	200.00	1095	jillford@yahoo.com
34	Rogers	220 Rebecca Ports Apt. 844\nLorettaland, IN 05247	(238)715-1477	180.00	1096	georgekerr@hotmail.com
35	Henry	730 Molina Parks Apt. 055\nMichaelberg, AK 33995	(722)965-9528	90.00	1097	cduncan@gmail.com
36	Flores	2937 Melody Village\nWest Jack, MS 89748	(067)569-6759	290.00	1098	jenningswilliam@hotmail.com
37	James	30971 Miller Village\nNorth Angelaberg, NY 66219	4563813593	220.00	1099	nicholsonamy@yahoo.com
38	Hull	919 Liu Circle Suite 312\nMendezburgh, MO 42227	785-241-5589x274	200.00	1100	ingramkathleen@moore-riddle.com
39	Harris	50813 Brian Union Suite 278\nPort Scottstad, NH 96421	988.195.6668	280.00	1101	rojasholly@roberson.org
40	Smith	544 Roberts Hills Suite 998\nNew Sherry, WI 54095	261.752.4651x42608	60.00	1102	rebecca37@rich.com
41	Sampson	136 Williams Lake Apt. 661\nPerryview, MT 99431	(641)101-3824	290.00	1103	pittmanmelissa@rodriguez.biz
42	Thomas	7805 Nicolas Crescent\nCantuview, KY 31832	(058)595-2772	240.00	1104	qcarlson@zavala.com
43	Vasquez	2246 Valenzuela Centers Apt. 500\nDayshire, CO 53607	+1-937-618-4957x46761	300.00	1105	raymondmariah@davis-griffin.net
44	Haley	10479 Mary Ferry\nMelodyton, VA 35673	+1-310-169-3996x01185	290.00	1106	vevans@hotmail.com
45	Arnold	Unit 9349 Box 5017\nDPO AE 40854	+1-202-852-4225	210.00	1107	shannonellison@gates.net
46	Flynn	797 Suarez Isle Apt. 800\nNorth Andrew, LA 91832	(111)354-5110x51392	250.00	1108	bramirez@russo.biz
47	Perry	15408 Martinez Loaf Suite 046\nNorth Jesse, NM 84566	001-642-461-7226x8768	200.00	1109	dpearson@gmail.com
48	Hill	94798 Martinez Skyway\nPort Kristen, MI 48168	141-913-7383x72944	100.00	1110	brian74@simmons-miller.com
49	Glenn	25625 Jennifer Parkways Suite 345\nNew Brian, PA 16124	581-799-4669x90615	120.00	1111	amber58@wilkins.com
50	Mack	53633 George Branch Apt. 544\nShaneland, OH 83798	(337)253-5372x6673	270.00	1112	sheryl85@martin-aguilar.com
51	Porter	622 Steven Canyon\nFrancisfort, IA 79203	+1-757-952-7318	140.00	1113	jasmine38@castillo.com
52	Smith	7375 Jonathan Shore\nToddshire, PA 42461	001-437-854-6288	220.00	1114	mayomichelle@yahoo.com
53	Barker	39648 Edwards Squares\nWest Emilyhaven, RI 46246	158.696.6156	50.00	1115	reneefrazier@tran.com
54	Ward	7871 Weaver Hollow Suite 145\nWest Amberfurt, TN 88166	(820)861-0460x29428	170.00	1116	robert54@hotmail.com
55	Villa	Unit 2106 Box 8719\nDPO AP 42619	(777)898-0919x2276	80.00	1117	andrewsstephanie@yahoo.com
56	Clarke	6044 Jason Valleys Apt. 235\nDukeport, DC 17363	9162862043	240.00	1118	pyoung@hotmail.com
57	Hill	618 Harrison Overpass\nNorth Michelleburgh, KS 14536	717-225-2207x20820	250.00	1119	bradleykatherine@adams.com
58	Manning	7761 Perez Lodge Suite 008\nLake Brandonmouth, LA 27801	(755)311-9781x35569	110.00	1120	nruiz@wallace-weaver.com
59	Strickland	944 Ball Drives Suite 612\nGuerreroport, TN 90812	419.064.2999	220.00	1121	gregorygarcia@herrera.com
60	Brennan	341 Kenneth Brook Suite 928\nWyattmouth, NH 32544	259.739.1614x6761	200.00	1122	daniel24@hotmail.com
61	Hernandez	9012 Castillo Summit Apt. 172\nPhillipsland, CT 34032	+1-236-561-6580	240.00	1123	jay69@hotmail.com
62	Hunt	19848 Michael Key\nAmymouth, MN 04481	(235)483-7272x3220	300.00	1124	wconway@larson.org
63	Martin	USS Blevins\nFPO AA 48985	+1-313-437-8500	280.00	1125	michaelsuarez@jones.com
64	Brown	862 Michael Roads\nLake Melissatown, MO 79855	631.393.8674	280.00	1126	tara31@gmail.com
65	Davis	63819 John Mount\nPort Amanda, MS 24013	(786)264-9957x1879	180.00	1127	bwong@moore-potter.org
66	Castillo	24866 Stephens Branch Suite 928\nLynnmouth, CA 42622	(107)770-0626x028	270.00	1128	camerongallagher@harris-ford.info
67	Martinez	51414 Richards Crest\nToddmouth, WI 18630	+1-615-126-6392x3103	200.00	1129	jacob72@heath.com
68	Brown	92967 Danny Lakes\nLake Tina, AK 88022	+1-005-322-1887	150.00	1130	robertnovak@yahoo.com
69	Martinez	2771 Kevin Meadows\nEwingtown, VT 71836	174-257-3338x6617	230.00	1131	mariaconner@stuart.com
70	Clark	29782 Stephenson Canyon Suite 061\nStevenberg, AZ 33997	(054)824-8960	80.00	1132	delacruzsusan@howell.com
71	Lester	USCGC Coleman\nFPO AE 19577	+1-201-092-1586x6243	290.00	1133	iwilliams@gmail.com
72	Ortega	557 Palmer Isle Apt. 839\nChristophertown, TN 56345	(303)734-6007	120.00	1134	richard18@hotmail.com
73	Harrington	PSC 2137, Box 5049\nAPO AP 84469	(126)911-5981	190.00	1135	claytonsaunders@fisher-shepard.com
74	Hernandez	03597 Shirley Village\nAllenfurt, OK 41699	182.583.4111x355	290.00	1136	gguerrero@hotmail.com
75	Medina	7117 Thomas Mountain Suite 848\nPort Robertville, MD 41166	+1-259-746-3466x467	90.00	1137	john24@hotmail.com
76	Ali	8219 Graham Estates\nPort Mollyville, WA 48395	028-587-4822x47705	50.00	1138	georgeanthony@gmail.com
77	Blake	62334 Kristine Mountains Suite 618\nGomezmouth, ME 28259	804.127.6415	250.00	1139	fstrickland@petersen.com
78	Jackson	02296 Smith Turnpike\nNorth Kenneth, ID 56875	642.179.6647x332	180.00	1140	susan13@hotmail.com
79	Thomas	PSC 1275, Box 5807\nAPO AP 25254	(187)173-2813x5818	140.00	1141	jesse41@yahoo.com
80	Johnson	9832 Emily Plain Apt. 195\nAndersonton, RI 54014	+1-807-430-8934x408	130.00	1142	martin16@dennis.net
81	Sandoval	976 Obrien Wells\nDanielshaven, CA 03003	+1-136-814-9249x3619	230.00	1143	oburns@pierce-price.com
82	Daniel	640 Susan Ford\nMooreburgh, NM 72716	476.666.5829x4236	90.00	1144	jonathanporter@stephens-smith.com
83	Cunningham	43260 Montgomery Well\nMatthewbury, AR 21975	(781)936-7057x29603	150.00	1145	gonzalezleslie@yahoo.com
84	King	85132 Rhodes Village\nGutierrezland, MO 08343	451.146.0581x065	210.00	1146	scottemily@hotmail.com
85	Burton	PSC 6663, Box 5492\nAPO AP 53749	+1-859-763-9598x2781	220.00	1147	orusso@yahoo.com
86	Allen	4362 Drew Drive Apt. 923\nMonicastad, VT 25693	001-613-430-3750x86369	270.00	1148	gibsonheather@gmail.com
87	Walker	4282 Armstrong Heights\nSouth Kathymouth, OR 66879	935-274-9873x36491	260.00	1149	nathan14@meadows-rose.biz
88	Nguyen	USS Ramirez\nFPO AE 14303	001-471-725-0688x3392	290.00	1150	ashley34@gmail.com
89	Carlson	2584 Allen Vista\nShannonshire, AR 13916	+1-705-593-7820x0286	110.00	1151	fsaunders@howard.info
90	Solis	469 Bean Inlet Apt. 612\nReeveschester, AL 15600	+1-913-359-0697	240.00	1152	michaelking@wilson.com
91	Howe	USNV Reynolds\nFPO AA 56172	433-726-3089x07899	230.00	1153	micheal81@smith.com
92	Moore	2456 Daniel Brooks Suite 854\nAndersonmouth, ME 85590	993-031-0133	120.00	1154	melaniebrown@foster.info
93	Cruz	6966 Hamilton Skyway\nLake Melinda, OR 88873	773.513.8735x8192	220.00	1155	patriciagriffin@hotmail.com
94	Bishop	48810 Kevin Mall\nRodneytown, CT 14445	179.516.8042	260.00	1156	isabel85@adams.com
95	Lee	81881 Brown Orchard\nBurkeborough, IA 23465	+1-558-656-5576x178	80.00	1157	ifigueroa@yahoo.com
96	Barrett	79170 Johnson Route Apt. 777\nSouth Thomasville, VT 21327	(552)592-8865x751	60.00	1158	patricia26@yahoo.com
97	Smith	6248 Smith Track\nNew Robert, CT 28955	001-500-261-1683	130.00	1159	tracy42@morris.com
98	Anderson	210 Kelly Branch Suite 595\nEast Michaeltown, IA 84586	001-029-554-0554x9448	130.00	1160	jcoleman@russell-campbell.net
99	Robbins	79789 Isaac Inlet Apt. 079\nTonyfurt, OH 36923	+1-197-969-9999x800	270.00	1161	julie70@welch.com
100	Walker	68909 Leach Flats Suite 633\nKeithtown, IL 00780	4600918967	210.00	1162	smithtiffany@hotmail.com
101	Miller	7911 Kevin Estate\nNew Sylvia, CO 13153	109.596.2091	130.00	1163	smiles@yahoo.com
102	Flores	1251 Lee Dam\nSouth Jonathanside, DE 07593	949.795.0586x2578	280.00	1164	brycefloyd@yahoo.com
103	Shea	869 Ashley Neck Apt. 456\nLake Katie, AL 73059	+1-810-684-6023x95411	100.00	1165	eric80@hotmail.com
104	Garrison	9489 Aaron Mountain\nSouth Robin, OR 04918	970.980.4472x82507	240.00	1166	mkirk@hotmail.com
105	Sherman	814 White Valley\nHopkinsport, ID 43696	832.300.0331x73677	130.00	1167	nancy85@gmail.com
106	Eaton	355 Stephen Pine\nNorth Jennifer, UT 28833	2475847379	230.00	1168	usherman@hotmail.com
107	Davis	Unit 8986 Box 1086\nDPO AA 57550	(528)056-5866x719	90.00	1169	stephaniesimmons@gmail.com
108	Flores	586 Gonzalez Bridge\nSouth Markside, FL 26235	541.699.6264x05268	140.00	1170	tonymorrison@garcia.net
109	Hubbard	4287 Dawn Camp Apt. 799\nWest Angelstad, AR 66395	+1-739-030-5390x91011	210.00	1171	jeremy14@frederick.com
110	Sullivan	787 Antonio Brooks Apt. 296\nLake Tonymouth, NY 53301	(573)079-1037	150.00	1172	yterry@gmail.com
111	Rodriguez	30698 Maynard Prairie\nNorth Michael, ID 75997	224.052.9195x7262	190.00	1173	richard71@simmons.com
112	Walker	49018 Martin Rue Apt. 650\nJosephshire, SD 96166	001-302-676-2016x4514	50.00	1174	omorales@hotmail.com
113	Greer	399 Francisco Fords\nNorth Christinaland, NM 61561	507.944.9322x094	150.00	1175	thompsonkatrina@braun.info
114	Vazquez	58332 Jennifer Parkway\nSarahville, NV 04039	001-966-190-1777	140.00	1176	nbrooks@oconnor.net
115	Blair	27157 Randall Station\nJennifermouth, IL 93745	796.044.6901x5606	180.00	1177	eburns@snow.com
116	Moore	354 Fowler Parkway Suite 502\nZavalastad, MN 02283	9680551292	110.00	1178	david98@gmail.com
117	Anderson	28875 Jesse Highway\nBrandonbury, WI 35275	(760)463-6928x35430	100.00	1179	kelly63@hotmail.com
118	Palmer	594 Janet Lane\nMillerville, IN 85610	001-788-525-7917x1975	270.00	1180	michellelopez@flowers.com
119	Baker	8655 Jessica Viaduct Apt. 184\nWest Timothyshire, MI 02943	206.558.1609	290.00	1181	drasmussen@hotmail.com
120	Gates	2070 Williams Mount\nMathewland, NJ 23098	001-247-095-6946x17101	200.00	1182	brenda01@hotmail.com
121	Thompson	6238 Jones Shore\nNew Geraldview, OR 72610	430-332-9420x986	210.00	1183	csmith@jacobs-carter.com
122	Chandler	823 Tiffany Walks Suite 720\nPerrymouth, AK 57206	231.249.9064x274	260.00	1184	pamela36@yahoo.com
123	Baldwin	5346 Judy Canyon Suite 321\nRyanbury, ID 27030	+1-580-997-5239x1000	60.00	1185	yswanson@hotmail.com
124	Oliver	802 Peter Road\nHallville, MS 32335	(118)151-2621x28367	240.00	1186	hnguyen@keller.com
125	Howell	34766 Fleming Ramp\nCastroburgh, DE 52126	283-997-8426x3455	180.00	1187	valeriemelton@gmail.com
126	Taylor	Unit 5092 Box 2776\nDPO AE 00924	377-709-3831	110.00	1188	pittmanjessica@hotmail.com
127	Cohen	84053 Brown Center\nNew Lisa, WV 75717	001-649-763-5243	140.00	1189	ronald36@yahoo.com
128	Russell	442 Kevin Isle\nAshleystad, OR 63011	486.836.7915	80.00	1190	ericdunn@hotmail.com
129	Mills	604 Carolyn Loaf\nCaroltown, CO 81892	(140)187-2680x1554	210.00	1191	christopherthompson@smith-sims.org
130	Obrien	861 Madison Junctions\nPort Lisahaven, NM 65445	(785)406-1594x067	50.00	1192	hernandeznorma@smith.org
131	Williams	5627 Brad Burg\nLake Lindsay, DC 17366	001-184-436-1221	80.00	1193	psharp@hotmail.com
132	Williams	USNS Ortiz\nFPO AP 98022	001-302-604-6375x8699	300.00	1194	pagegail@shields.org
133	Rocha	10225 Susan Oval Apt. 622\nMicheleburgh, UT 41509	046-277-2972x9936	180.00	1195	kenneth22@yahoo.com
134	Dunn	25963 Kathy Hollow Suite 401\nNew Ashleyberg, RI 59793	(324)482-2926x298	160.00	1196	brownjeremy@hotmail.com
135	Wallace	02448 Collins Gateway Suite 404\nSouth Kellyland, WI 20741	228-503-2533x72821	120.00	1197	michelleayala@coleman.com
136	Williamson	8101 Powell Club\nBoydmouth, MO 77017	001-300-803-7212x213	290.00	1198	wilsonsandra@arnold.com
137	Curry	79648 Reese Gateway Apt. 427\nPort Steve, DE 76344	510-568-0335x56920	160.00	1199	derrick42@hotmail.com
138	Andrews	20136 Crystal Parks Suite 522\nEast Patricia, ND 00515	(911)244-3506	200.00	1200	jamesmanning@hotmail.com
139	Torres	496 Ann Canyon\nSouth Jeffreychester, CO 05935	001-687-805-9074x8032	160.00	1201	morenoraymond@gmail.com
140	White	3905 Karen Extensions Apt. 971\nPort Brianside, MO 29373	001-190-000-6684x09271	100.00	1202	xnguyen@thompson.com
141	Richardson	2673 Walter Flats\nJosephtown, WV 82636	501-868-9969	200.00	1203	amy57@gmail.com
142	Osborne	081 Thompson Park\nWilsonberg, MA 41411	001-103-277-4862	160.00	1204	perezstephanie@miller-green.biz
143	Brennan	735 Hanson Views Apt. 040\nNorth Sharon, GA 82806	615.103.0207	120.00	1205	gabrielastanton@scott.com
144	Franklin	699 Hughes Expressway Suite 050\nNorth Tony, HI 51097	100-466-2542x2856	160.00	1206	fernandoerickson@ward.com
145	Huber	61782 Kimberly Springs\nSteeleshire, NM 27529	001-892-427-5264x243	180.00	1207	jameswalker@le-ryan.com
146	Gallagher	47211 White Freeway Apt. 690\nNorth Shawnmouth, NH 97456	159-066-2587x8240	220.00	1208	alexandrahiggins@gmail.com
147	Sutton	Unit 6322 Box 2976\nDPO AE 00756	+1-982-134-1970x33890	200.00	1209	michael25@garrison.info
148	Schmidt	937 Kemp Points\nFullerville, NJ 54032	9347533697	260.00	1210	krogers@butler-morales.com
149	Young	3636 Chang Terrace\nGomezbury, OR 51051	+1-336-447-0139x654	100.00	1211	andrewnorris@matthews-mcintosh.com
150	Newman	0154 Parker Lakes\nSouth Dianeborough, KS 83967	001-195-711-9872x248	50.00	1212	mackenzie49@yahoo.com
151	Small	7065 Gonzalez Trafficway Suite 352\nAllenhaven, WY 21633	402-986-5492x5862	120.00	1213	barronaaron@lindsey.com
152	Young	88048 Johnson Shores\nSouth Richard, WI 31855	001-766-318-8222x9253	250.00	1214	ashley54@anthony.com
153	Hall	90630 Ashley Mountain Apt. 635\nNorth Taraview, SC 33539	421.597.8310x76036	270.00	1215	edwardestrada@gmail.com
154	Marshall	996 Johnson Path Suite 481\nPort Chadbury, OH 26029	857-191-8317	170.00	1216	beverlyriley@nguyen.net
155	Miller	1127 Velasquez Curve\nRichardsonmouth, WV 53466	026-243-2976x63554	200.00	1217	perezdonald@hotmail.com
156	Ellis	528 Kevin Walk\nJohnsonland, SD 12458	001-321-897-5776x1344	110.00	1218	dawntodd@hotmail.com
157	Young	957 Susan Stream\nDouglasburgh, WA 71255	160.359.2704x884	260.00	1219	swansonbrandi@garcia.org
158	Meyer	44798 Gomez Avenue Suite 548\nEast Joseph, IL 86173	+1-878-761-4392x8215	300.00	1220	knguyen@barron-smith.net
159	Drake	373 Jones Street\nSouth Katherine, RI 21899	(135)157-8090x801	250.00	1221	forddaniel@yahoo.com
160	Parks	9764 Clifford Drive\nNorth Christopherton, MO 04013	+1-745-193-4168x696	210.00	1222	manuel99@clark.com
161	Levine	1474 William Stream Suite 376\nNew Tracy, GA 65204	(863)041-6348x93332	280.00	1223	mary53@ferguson.com
162	Cooper	73657 Anthony Lane Suite 408\nNew Samantha, CA 22258	(524)734-7822	120.00	1224	brittanyjohnson@morris-smith.info
163	Thompson	PSC 0070, Box 7260\nAPO AE 62804	620.361.6628	230.00	1225	brendataylor@yahoo.com
164	Fisher	223 Kent Row\nMorrismouth, UT 82081	(422)955-0618x65919	70.00	1226	wongdaisy@yahoo.com
165	Hall	19726 Mark Junction Suite 733\nSanchezfort, SC 25165	001-370-429-1139	90.00	1227	pwarner@yahoo.com
166	Reyes	746 Davis Orchard Apt. 093\nXaviermouth, NJ 29562	+1-773-975-9796	220.00	1228	andersonteresa@yahoo.com
167	Wilson	451 Joshua Via\nEast James, SD 51494	934.058.9072x912	280.00	1229	deborah04@smith-burton.com
168	Buckley	0084 Miller Flats\nKiddview, WI 11863	+1-086-616-3755x92735	240.00	1230	joseph33@hotmail.com
169	Fisher	Unit 4673 Box 9506\nDPO AE 87081	778.664.2853x43950	250.00	1231	pgriffith@hotmail.com
170	Harris	6047 Thomas Stravenue Apt. 428\nSmithtown, ND 95084	091.557.8387	270.00	1232	lawrence70@allen.com
171	Owen	8613 Curry Shoal Suite 073\nGarciachester, DE 97714	862.910.8537x75052	90.00	1233	rleon@yahoo.com
172	Lowery	6000 Leslie Stream Suite 273\nNew Frank, OK 78119	001-746-319-3852x840	170.00	1234	ronaldschneider@yahoo.com
173	Flores	6476 Novak Manor\nCastilloton, LA 05342	472.273.1075x17360	250.00	1235	larry87@yahoo.com
174	Lewis	4025 Cory Mount\nBrianmouth, CT 78512	001-545-390-9030x3968	110.00	1236	christopherwilliams@yahoo.com
175	Lee	8852 Bishop Flats Suite 524\nSouth Lauren, NC 72993	510-626-5464	250.00	1237	erica67@hotmail.com
176	Ferguson	2855 Sanders Road\nPort Zachary, NJ 88019	242.588.9036x3551	90.00	1238	russell27@jones.com
177	Cooper	9855 Kelly Green\nEast Deanna, OR 81782	+1-815-958-7461x57201	50.00	1239	nbrown@brooks.com
178	Griffith	45936 Jamie Circles\nVanessaville, IL 91316	+1-898-508-4281x537	190.00	1240	hvillanueva@odom.org
179	Thomas	Unit 7913 Box 4983\nDPO AA 07974	001-688-076-1033x6284	100.00	1241	vcasey@hotmail.com
180	Hall	9724 Michele Creek\nMaynardburgh, KS 22059	273.693.1196	60.00	1242	douglas37@bass.com
181	Diaz	22055 Tracy Trafficway Apt. 590\nMartinberg, MO 85180	965.586.4185x506	170.00	1243	ingramdarlene@yahoo.com
182	Scott	487 Sherri Shoals\nLake Jeremy, LA 72550	485.805.0928	260.00	1244	timothy77@murray.com
183	Walton	5216 Johnson River Apt. 016\nLake Jamie, NJ 25990	383.502.0958x790	150.00	1245	mcampbell@stevenson.com
184	Silva	9958 Hernandez Union\nSouth Paulton, OR 21282	452.961.3911	210.00	1246	roberthardy@gmail.com
185	Haney	00264 Derrick Walks\nValentinebury, AZ 76038	860-273-7052x9401	120.00	1247	jessica41@hotmail.com
186	Wilson	169 Wilson Trail Apt. 121\nWest Robertland, MI 40874	+1-634-302-8185	80.00	1248	pwalker@hotmail.com
187	Madden	6998 Green Lane\nLake Anthony, UT 57475	+1-265-074-7768x14424	250.00	1249	donna54@joseph.com
188	Hickman	28574 Murphy Cliff\nHayesfort, ND 59188	034-713-8594	60.00	1250	william54@dean-walker.biz
189	Poole	328 Mosley Lights Apt. 263\nNew Darrell, WV 17487	147-676-2178x11103	170.00	1251	kathleen32@yahoo.com
190	Wolf	1746 Lauren Roads Suite 238\nMcneilberg, OH 68144	9541152884	250.00	1252	kevinrobinson@gmail.com
191	Preston	33903 Thomas Rue\nSouth Alexanderport, AK 72899	383-628-1587	220.00	1253	murphyrichard@bradford.com
192	Edwards	3821 Wilson Drives\nNorth Paulfort, DE 36160	001-347-223-3477x15982	160.00	1254	gibsonchristopher@todd.com
193	Robles	Unit 6699 Box 7893\nDPO AA 08313	614.270.9643	230.00	1255	ujohnson@nichols.com
194	Ruiz	199 Kimberly Trail\nBrianaport, WY 74564	001-828-941-5868x23000	100.00	1256	eryan@richardson.com
195	Wolfe	6386 Kimberly Prairie Suite 358\nPort Davidport, PA 39901	416-690-5392	140.00	1257	christinegarcia@yahoo.com
196	Smith	28799 Joyce Plaza Apt. 480\nPachecoton, MI 73306	(253)090-2151x34584	280.00	1258	leemary@mullen.net
197	Vazquez	5731 White Crossroad\nPort Michael, ID 75061	+1-414-173-8467x895	170.00	1259	vgarcia@kim.com
198	Barnett	81774 Nicole Mews\nMichaelberg, WA 99837	001-690-778-4021x17924	100.00	1260	andrea58@hotmail.com
199	Villa	07760 Mcgee Road\nShawnfort, IL 63201	518-236-5974x01673	50.00	1261	christinamoran@pierce.com
200	Lopez	55407 Tammy Street Suite 148\nIngramstad, ID 79874	3069968024	170.00	1262	rmartinez@baldwin.com
201	Wolf	8253 Decker Ford\nSouth Shannonview, IA 12646	180-762-6120x993	260.00	1263	john31@yahoo.com
202	Aguilar	703 Brandon Row\nJeffreybury, NH 19465	001-579-874-4192x9351	110.00	1264	april26@yahoo.com
203	Buck	541 Herrera Forges Apt. 012\nSouth Austin, IA 61904	295-592-3352x38372	140.00	1265	erik25@gmail.com
204	Short	0201 Tamara Hills\nDanielport, TN 56677	001-913-667-7459	210.00	1266	jeffrey92@jennings.com
205	Fisher	1633 Simpson Ridges Apt. 282\nPort Garrettmouth, AZ 76284	832-972-7509	150.00	1267	robertsbarbara@soto.com
206	Yates	346 Thompson Ports Suite 041\nNorth Sarah, MT 83832	(487)055-3376x7586	220.00	1268	brittany23@hall.com
207	Morris	Unit 3201 Box 0543\nDPO AP 04034	5574461250	130.00	1269	mhill@yahoo.com
208	Best	378 Boyd Parkways Suite 620\nPort Donnaview, HI 59293	483-002-3671x1959	210.00	1270	smithchristina@green.com
209	Smith	USNV Davis\nFPO AE 00572	+1-834-338-8485	60.00	1271	dianabrown@moore.com
210	Sexton	1227 Young Walks\nEmilyview, AK 77890	7871536270	300.00	1272	jerryprice@gmail.com
211	Gates	PSC 0145, Box 4139\nAPO AP 49194	(636)696-3379x491	90.00	1273	henryalejandro@hotmail.com
212	Davis	84270 Murphy Coves\nAndersonville, PA 62177	(690)406-9340x866	240.00	1274	carmstrong@gmail.com
213	Roy	81882 Whitney Ridges\nAlexanderberg, AK 30908	+1-548-162-2731	160.00	1275	mflynn@gmail.com
214	Johnston	PSC 4169, Box 8142\nAPO AE 30898	4866040830	250.00	1276	michelle73@gmail.com
215	Phillips	5725 Eric Loop\nJonathanstad, WA 30577	769.589.6914x17319	290.00	1277	kirkcrawford@bryant.com
216	Walsh	Unit 9377 Box 0078\nDPO AP 83201	471-493-5909	200.00	1278	mark56@martin.com
217	Romero	9140 Debra Inlet Suite 799\nRichardbury, MO 02390	(324)201-2030	250.00	1279	jose88@gmail.com
218	Burns	02561 Harrington Heights\nWest Susan, WI 95166	(570)603-2906x543	240.00	1280	vking@yahoo.com
219	Hoffman	955 Davis Shoal\nGrahamland, NV 49253	747.089.5276	280.00	1281	jaclynflores@gmail.com
220	Strong	53293 Kelly River Apt. 298\nSusanborough, IL 60778	7273930758	240.00	1282	alexander44@yahoo.com
221	Moore	729 Kelly Cove Apt. 636\nDennistown, AK 43981	+1-600-697-9564	210.00	1283	sandraroth@yahoo.com
222	Navarro	245 Adam Dam\nWest Samuelport, MT 78176	001-985-759-0841x662	190.00	1284	quinnbrittney@adams-pacheco.com
223	Perez	5529 Gregory Crossing\nOdomton, MA 43977	042-739-3090	270.00	1285	mileskathleen@gmail.com
224	Rose	1822 Monica Summit\nNew Crystalland, NJ 17288	+1-557-618-9727	200.00	1286	nicolejones@noble-nelson.com
225	Stevens	893 Sanchez Shoals\nEricstad, IL 89965	983.350.4096	70.00	1287	dawn45@gmail.com
226	Winters	4263 Finley Crossing\nNorth Christopherhaven, OH 93743	+1-005-944-9952x294	260.00	1288	zwashington@reynolds-richardson.com
227	Green	86177 White Stravenue Suite 399\nLake Jenniferfort, MA 86636	975-433-4386x23186	200.00	1289	obriensydney@yahoo.com
228	Miller	57578 Christina Crossroad\nEast Tammyville, DC 24455	001-572-924-9067x0780	240.00	1290	kellyrodney@gmail.com
229	Johnson	72050 Hartman Springs\nBartonchester, OH 77123	6316748437	150.00	1291	amber57@yahoo.com
230	Hull	17920 Katrina Ford Apt. 172\nSouth Billymouth, MT 67486	+1-928-142-4961x2940	60.00	1292	grosssean@barnett.com
231	Turner	590 Bell Mission\nJamesborough, UT 57954	(517)901-8785	50.00	1293	schwartzkimberly@yahoo.com
232	Mathews	471 Trevino Gateway\nMccarthymouth, NH 94113	713.013.9889	120.00	1294	holtjohn@yahoo.com
233	Smith	409 William Estate\nHaynesstad, NJ 53629	744-032-8056	230.00	1295	garymorris@garcia.com
234	Benjamin	734 Jose Spring Apt. 618\nNorth Grace, RI 75974	488-449-7294x68872	200.00	1296	josephsalas@gmail.com
235	Mata	PSC 4247, Box 7418\nAPO AE 67957	001-081-199-3237	160.00	1297	robertgamble@hogan.com
236	Garza	041 Mosley Forges Apt. 824\nWest Samuelside, NV 39330	504.558.4700x952	280.00	1298	ngray@yahoo.com
237	Wolf	8910 Brian Spring\nReedville, AL 69176	946.751.9377	140.00	1299	davenportteresa@yahoo.com
238	Huynh	339 Tiffany View\nPrinceside, NH 13433	(369)808-4611x6468	170.00	1300	katherinemeza@richardson.net
239	Johnson	8693 Robertson Ridge Suite 085\nPort Daniel, WA 32100	499.422.6281	180.00	1301	mmassey@yahoo.com
240	Hunt	783 Drake Cliffs Apt. 161\nNew Michael, NH 27327	(368)945-8367	250.00	1302	april72@hotmail.com
241	Dunn	33043 Martinez Courts Apt. 412\nRossview, MI 99067	+1-968-230-5193x868	230.00	1303	brandon27@king.net
242	Gallegos	978 Richard Squares\nPenaport, NC 83811	915.052.8106	120.00	1304	egarcia@miller.net
243	Williams	491 Hurst Trace Apt. 773\nLake Jerry, VT 29650	358.857.2173	180.00	1305	gwiggins@yahoo.com
244	Smith	410 Hill Turnpike\nDylanborough, VA 07475	(758)448-5537	70.00	1306	fosterkatelyn@yahoo.com
245	Jenkins	41756 Ray Mount\nNorth Alison, NC 89380	001-332-210-7854x06121	230.00	1307	williamsontaylor@mcdaniel-lee.org
246	Randall	770 Cole Points Suite 288\nElizabethmouth, WV 14200	(638)217-0772x315	150.00	1308	mjenkins@myers.org
247	Marshall	0824 Richard Square Suite 831\nLake Johnbury, VA 15490	(007)024-1605x45458	110.00	1309	raymondburton@hotmail.com
248	Giles	184 Sean Drive Apt. 555\nNew Elizabethberg, NM 38792	+1-562-620-2514x662	260.00	1310	sarahgonzales@hotmail.com
249	Morrison	024 Walters Fords Suite 719\nChristopherview, OK 30365	001-147-154-8254x71465	80.00	1311	lori89@webb.info
250	Nguyen	7146 Christine Ridge\nJoseside, ND 56253	(565)926-7873x19165	250.00	1312	tadams@waters.biz
251	Gray	PSC 8086, Box 8800\nAPO AE 03986	854.668.6961x3509	240.00	1313	gregoryhancock@mack-oliver.com
252	Brown	USCGC Barnett\nFPO AA 74545	847-475-2992x43863	160.00	1314	julie01@hotmail.com
253	Howell	0762 Andrews Overpass\nWest Linda, MT 20113	001-615-736-8364x8947	180.00	1315	sheppardbrian@hotmail.com
254	Trevino	7763 Cameron Landing\nSouth Darryl, NE 22385	001-389-477-7513x25208	120.00	1316	erin18@yahoo.com
255	Turner	23511 Guerrero Centers Suite 966\nLake Stephen, AK 83523	+1-030-811-0303x5694	280.00	1317	pagedawn@yahoo.com
256	Schmidt	4119 Carlos Terrace Apt. 905\nMatthewfurt, NY 53584	4740927617	80.00	1318	christian78@gmail.com
257	Lucero	142 Gibson Pike\nAaronmouth, SD 51210	3587677980	110.00	1319	karen07@mcconnell-gray.com
258	Fuller	056 Parker Islands Apt. 621\nPort Jameshaven, MA 43357	(200)396-0654x814	50.00	1320	ejohnson@yahoo.com
259	Hale	1583 Castillo Springs Suite 167\nWadefurt, NY 31055	5508385871	160.00	1321	oharrison@cooke.com
260	King	3579 Amy Lane\nNicholasburgh, OK 21464	(220)685-2959	110.00	1322	christopher50@hotmail.com
261	Hampton	80023 Morton Rest\nRebeccaville, MT 21319	001-624-524-5012x36794	250.00	1323	kristenday@marquez.com
262	Larson	96315 Morrison Crest Suite 756\nNew Yvonne, MO 31223	8962644347	50.00	1324	zfisher@yahoo.com
263	Warner	48754 Smith Manors Apt. 138\nAlvaradomouth, ID 65678	(241)321-1279	60.00	1325	daniellee@hotmail.com
264	Collier	10473 Marissa Land Suite 248\nMillerland, MS 69936	001-095-356-1446x9546	180.00	1326	donna83@yahoo.com
265	Gutierrez	54738 Gonzalez Street Apt. 725\nAcostamouth, MD 05630	222-739-5267	220.00	1327	krystal66@cole.com
266	Andrews	94484 Bradley Motorway Suite 739\nNew Shawnside, ME 03876	+1-875-657-2527x933	280.00	1328	elizabeth13@jones.com
267	Hughes	USNS Vaughn\nFPO AP 79164	+1-857-879-6491x6995	70.00	1329	jennifersmith@gmail.com
268	Reyes	91171 Brittany Plains\nNew Emily, AK 45170	001-618-447-7968x703	90.00	1330	baileytyler@yahoo.com
269	Roberson	0648 Bullock Vista\nSouth Kristyhaven, SC 88749	+1-126-677-0588x5624	290.00	1331	rhuffman@davis-thomas.org
270	Thomas	353 Barbara Wall\nPort Jenniferton, KY 11048	001-599-804-8437x5187	290.00	1332	benjamin92@yahoo.com
271	Wall	680 Jennings Route\nWest Maryfurt, WA 65998	(979)604-3803x0634	90.00	1333	rubenhendricks@gmail.com
272	Salazar	503 Kevin Square\nKatherineburgh, WV 47357	426-532-7520x03706	160.00	1334	lindatrujillo@gmail.com
273	Morales	7376 Combs Run Apt. 391\nLake Jose, AK 69952	0344227747	230.00	1335	thomas19@thomas.org
274	Rogers	1252 Andre Flats Suite 990\nJohnsonport, HI 25702	(225)135-6301	150.00	1336	ray32@ramirez-robinson.org
275	Sanchez	24713 David Hill\nDonaldbury, PA 71244	8376906945	90.00	1337	jimenezmichael@davis-gutierrez.com
276	Mitchell	322 Bennett Ports\nDennisberg, UT 08477	001-325-316-1325x48576	140.00	1338	robertsampson@gmail.com
277	Stone	441 Sheena Estate Apt. 146\nWest Emilybury, WY 69225	001-335-278-1523	110.00	1339	reevesmatthew@hotmail.com
278	Fuentes	9509 Michael Brook\nPhillipshire, CT 73759	+1-182-839-1478	210.00	1340	hannahmclean@vaughn.com
279	Leonard	6069 Amy Court\nGregoryhaven, RI 48787	(156)270-4687	90.00	1341	ulopez@yahoo.com
280	Harper	71781 Erica Springs\nJenniferborough, VT 21823	001-968-101-7658x0862	280.00	1342	freemanmaria@booth-nguyen.biz
281	Knight	9434 Moreno Fords Apt. 531\nLake Andrea, OH 40519	001-232-993-9471x308	80.00	1343	griffindeanna@parks-collins.com
282	Wise	82676 Nicole Orchard Apt. 245\nNew Erinport, ME 19838	918.726.3488x086	210.00	1344	dylanlewis@martinez-anderson.org
283	Gray	4747 Charles Oval Suite 511\nRowefurt, ID 54770	+1-454-291-4435x6437	70.00	1345	parkerjason@hill.net
284	Gregory	35019 Edwards Villages\nLake Shelleyville, UT 54217	(726)859-4370	190.00	1346	jessicapham@hotmail.com
285	Turner	PSC 0324, Box 0332\nAPO AP 13076	(845)865-6460	90.00	1347	tgarcia@yahoo.com
286	Thompson	15091 Santiago Cape\nPort Diana, AL 71760	001-182-725-0381	140.00	1348	deborahyoung@bright.net
287	Clark	933 Parrish Park Apt. 710\nLoweryhaven, GA 31108	(057)161-6525x210	250.00	1349	mmiller@black.com
288	Hernandez	684 Anthony Plains\nSouth John, HI 86243	890-448-7993	210.00	1350	roseaustin@yahoo.com
289	Lopez	955 Teresa Forges\nLake Tylerview, OR 01144	(439)262-0244x2599	210.00	1351	teresa70@gmail.com
290	Gonzales	39178 Dave Plaza Apt. 444\nGrahamshire, MA 19097	003.645.5896	160.00	1352	townsendvictoria@alexander.biz
291	Rice	7322 Belinda Radial\nNorth Aaronmouth, FL 59829	506-969-7230x0095	70.00	1353	connorhunter@gmail.com
292	Braun	5523 Robertson Stream\nPort Nicholas, AR 64288	001-246-727-1100	200.00	1354	fchapman@gmail.com
293	Harris	USNS Castaneda\nFPO AE 70074	532.264.1625x210	70.00	1355	hutchinsontami@yahoo.com
294	Tyler	USNS Rivera\nFPO AE 15586	(006)548-5732x9767	170.00	1356	rachel63@hotmail.com
295	Edwards	Unit 8926 Box 9822\nDPO AA 55956	001-674-446-6279x8322	220.00	1357	haynesteresa@ford-donovan.com
296	Carr	79229 Hunt Expressway\nPort Stephanie, MT 76583	142-351-0532x61803	120.00	1358	jonathanjohnson@hampton-dunn.com
297	Richardson	75329 Richards Prairie\nHinesburgh, OR 57417	001-859-465-3139x756	190.00	1359	wesleysanchez@summers.org
298	Cooper	6750 Williams Branch Apt. 185\nCrystalmouth, MI 23745	(165)117-5794x3144	190.00	1360	vhart@hotmail.com
299	Patrick	48693 Jeffrey Forest Apt. 894\nNew Jeremy, RI 74473	145-554-8388x45502	80.00	1361	richard28@reed.biz
300	Martin	2302 White Walk Apt. 308\nWest Christopherview, VT 85797	+1-368-877-5549x256	70.00	1362	fjuarez@baldwin.biz
301	Barton	441 Hernandez Flats\nWest Michael, IN 52578	(993)827-4214	230.00	1363	gscott@gmail.com
302	Park	807 Abigail Vista Suite 435\nSouth Danaton, DC 54909	(714)229-1583	180.00	1364	schneiderangela@woods.com
303	Gomez	79990 Amanda Club\nEast Lisa, MO 53428	735.541.1658x7989	110.00	1365	meredith88@yahoo.com
304	Coleman	1881 Sarah Falls Apt. 901\nJessicafort, WV 83588	166-471-1419	290.00	1366	michaelsmith@walker-lewis.org
305	Snyder	27652 Susan Lane\nWest Whitneyshire, VA 68027	3650592003	110.00	1367	zsullivan@gmail.com
306	Rodgers	95814 Clark Extension Apt. 559\nCurrybury, KS 07043	(498)705-2530x8231	210.00	1368	hrivera@jackson-austin.com
307	Castro	810 Campbell Mission Suite 216\nLindseyport, CA 17959	+1-166-404-2467x74226	160.00	1369	ashley39@moore.com
308	Ewing	681 Mosley Road Suite 919\nAlexberg, RI 81227	(841)910-9768x4380	100.00	1370	alvarezcassandra@yahoo.com
309	Swanson	639 Courtney Glen\nNorth Haley, AL 13943	000.629.5275x935	240.00	1371	nicholasjackson@gill.com
310	Davila	8671 David Squares\nMarkfurt, MO 67216	576-812-2541	100.00	1372	paul08@yahoo.com
311	Briggs	579 Gibbs Groves\nSouth Mark, VA 04068	001-475-006-5096	150.00	1373	elizabethgregory@guzman-young.com
312	Dixon	599 Kelly Route\nAmandaview, AK 84465	(919)789-7337x0071	50.00	1374	david62@newton.com
313	Payne	693 Vincent Brooks Suite 290\nEast Sonia, RI 15098	+1-661-432-6032x579	140.00	1375	ycruz@hotmail.com
314	Sandoval	7088 Hopkins Oval\nKingville, MT 90738	600-565-1056x7234	180.00	1376	matthewrose@brown.com
315	Montgomery	7793 Robinson Harbor\nNew Amandafort, IL 08810	+1-680-578-4955x046	250.00	1377	danielmcclain@day-richards.com
316	Lewis	5857 Cox Squares Apt. 016\nEast Stevenfort, AZ 21929	(495)810-1336x6542	260.00	1378	steven94@gmail.com
317	Garrison	112 Daniel Fords Apt. 865\nEast Leslie, WA 02913	001-159-266-3697x7630	60.00	1379	flynnstephanie@yahoo.com
318	Estrada	406 Smith Rapid Suite 983\nEast Angel, MS 70713	800.112.8183	50.00	1380	warrenshannon@davis-russell.org
319	Robinson	0372 Micheal Green Apt. 903\nMonicahaven, MS 66540	1631770101	290.00	1381	jdoyle@benton.info
320	Schultz	701 Stacy Ferry Apt. 995\nJoneston, WV 63079	8163756996	70.00	1382	doughertymaria@hotmail.com
321	Kelly	86135 Paula Crest Apt. 345\nNorth Andrewborough, NC 88225	(304)399-2179x63488	50.00	1383	bellkenneth@williams-brown.com
322	Dickerson	39940 Jones Rapids Apt. 564\nPort Felicia, CO 78249	5224941846	270.00	1384	robertbarajas@mosley.com
323	Burgess	2836 Shelby Dale\nSavannahstad, GA 38168	909.210.8188	220.00	1385	ricerobert@gmail.com
324	Porter	PSC 6234, Box 9888\nAPO AP 36287	+1-190-093-5506x7674	240.00	1386	brian52@hotmail.com
325	Rubio	3103 Shannon Groves Apt. 026\nNorth Scott, OK 62134	497.597.0496	210.00	1387	angela59@galloway-martinez.net
326	Rodriguez	6197 Maria Plaza Apt. 931\nTranland, LA 26289	207.503.7654	160.00	1388	iwhite@gmail.com
327	Hernandez	98258 Karen Camp Apt. 398\nWest Denise, DE 67586	131-019-8271	70.00	1389	harrisconnie@gmail.com
328	Morales	890 Christina Cliff\nNew Stephenborough, MI 27407	7542103714	190.00	1390	hdillon@williams.org
329	Moss	079 Nichols Mountain Suite 015\nPort Marc, TX 60003	+1-418-838-2762x76403	300.00	1391	gonzaleztamara@nelson-acosta.org
330	Ewing	3175 Bowman Route Apt. 310\nLesliehaven, SD 35354	001-758-547-6804	220.00	1392	dhale@long.org
331	White	882 Kristen Roads Suite 546\nEast Adrianfort, WV 84620	(803)714-2670	170.00	1393	sullivandennis@yahoo.com
332	Knight	13297 Jackson Shoals Suite 218\nLake Adam, LA 74265	001-252-357-1388x2405	280.00	1394	reginarojas@gmail.com
333	Bennett	10677 Jenkins Fields\nNew Justin, CO 96888	7387111125	260.00	1395	katherineweeks@hurst.net
334	Garcia	51841 Carr Well Suite 673\nBrycehaven, NY 28774	763.034.7985x66281	200.00	1396	moorejuan@bryant.net
335	Williams	46403 Ramirez Plaza Apt. 823\nWilliambury, CT 32008	401.781.6704x5349	90.00	1397	sophiapacheco@yahoo.com
336	Campbell	1380 White Plaza\nNorth Connie, NM 84078	001-144-318-1988x47267	90.00	1398	butleremily@hotmail.com
337	Knight	9935 Steven Throughway\nSouth Crystalhaven, WA 95858	(604)999-4286x0851	270.00	1399	etaylor@jenkins.com
338	Irwin	3946 Jennings Drives Apt. 780\nEast John, KS 18344	432-121-2117x15162	160.00	1400	yudawn@gmail.com
339	Vance	5883 Sarah Trail Apt. 523\nEast Raymond, TN 51128	7007788930	110.00	1401	vickienguyen@pollard.biz
340	Le	401 Walsh Place\nSouth Marymouth, CA 86737	297.538.1521	130.00	1402	carolyn35@yahoo.com
341	Johnson	3389 Lisa Tunnel\nAlexanderfurt, OH 65830	763.170.1210	80.00	1403	valerie91@johnson.com
342	Hart	0430 Karen Dale\nMarthafort, OK 10060	(007)931-6039x031	180.00	1404	eric60@gmail.com
343	Carson	56484 Beasley Mission\nKarenfort, MO 68968	501.261.9964x478	280.00	1405	xsmith@gmail.com
344	Russell	77918 Harrison Way Apt. 948\nEast Pamelaside, CA 35006	427-323-4916	150.00	1406	fowlertimothy@rodriguez.com
345	Marshall	715 Gary Roads Apt. 656\nNorth Colleenhaven, NC 78745	981-623-9699	220.00	1407	russellkathy@yahoo.com
346	Thomas	Unit 3892 Box 7819\nDPO AA 38773	(080)392-9518	250.00	1408	dianescott@jackson.com
347	Thomas	8313 Anthony Fall Apt. 174\nPort Ericaton, NH 98402	424-592-6713x38470	210.00	1409	shannonmathews@garza.com
348	Liu	191 Sutton Plain\nLake Jessica, NC 43965	143.852.5453x306	110.00	1410	meagan08@hotmail.com
349	Wall	2295 Eileen Brooks Apt. 750\nNorth Sean, WY 16872	9973870008	190.00	1411	scott46@singleton.com
350	Choi	95551 Hopkins Points\nBrandyfort, FL 01181	115.941.9435	150.00	1412	patriciayork@gmail.com
351	Moore	PSC 3063, Box 1067\nAPO AP 67162	001-406-088-2486x81327	190.00	1413	benjaminhall@tyler-petty.com
352	Smith	439 Rice Coves\nLake Jenniferton, CT 01653	612-841-4087	270.00	1414	hcurtis@maynard.com
353	Garrett	7742 Davis Passage\nThomasshire, AR 02954	898.278.1486x3197	80.00	1415	alexandriaholmes@yahoo.com
354	Green	6988 Neal Burg\nWest Charlestown, OR 41670	(257)241-8655x586	70.00	1416	jonathandavid@knight.com
355	Wilson	1421 Stephen Shoals Apt. 617\nRobertbury, LA 47194	6184328422	90.00	1417	ggarcia@brown.com
356	Foster	002 Joshua Ville\nEast Jacob, IN 19548	528-953-8884	200.00	1418	stephen50@hoffman.info
357	Wilson	194 Emily Ridge Suite 729\nJonathanton, CT 82924	021-226-9471x340	240.00	1419	ioneill@martinez.com
358	Sawyer	7677 Mark Dam\nLake Eric, AZ 83251	001-457-943-9308x232	70.00	1420	ereed@yahoo.com
359	Armstrong	PSC 4433, Box 2393\nAPO AE 04716	(691)806-9265x516	100.00	1421	ekhan@gmail.com
360	Nguyen	137 Wu Mills\nSouth Frankview, OH 26269	+1-009-101-3402x4102	160.00	1422	gsmith@hotmail.com
361	Martinez	103 Hannah Divide Suite 654\nColemanshire, NV 56940	+1-293-274-7914x7017	240.00	1423	noah25@yahoo.com
362	Carey	480 Richard Port\nLake Miranda, WY 03866	297.421.1574x9193	80.00	1424	scottfarmer@yahoo.com
363	Booker	11524 Joseph Crescent\nPort Ashley, AL 47363	404-229-4590x61059	230.00	1425	myersamanda@hotmail.com
364	Anderson	1060 Angela Valley\nWilliamton, MA 82991	311-371-2007x013	260.00	1426	alexis35@gmail.com
365	Jones	954 Nelson Station\nEast Timothy, AR 03218	001-263-932-0968x03134	80.00	1427	david06@hotmail.com
366	Garcia	7555 Jennifer Park Suite 810\nLake Lanceberg, ID 80685	698-541-2972x01741	250.00	1428	billygarcia@buck.com
367	Butler	4379 Cox Spring Apt. 926\nKyletown, OR 01484	(649)440-3992x27783	120.00	1429	wsilva@barnes.com
368	Jones	5384 Williams Canyon Apt. 263\nSouth Karenview, NC 78678	866.644.6737x06650	270.00	1430	hubbardvicki@garner-smith.info
369	Jones	Unit 1038 Box 1564\nDPO AP 38730	967-026-3113x274	110.00	1431	cranetaylor@smith.net
370	Robinson	86072 Garrett Parkways Apt. 219\nWest Manuel, TN 12051	+1-768-224-3134x076	110.00	1432	riggsanne@bright.com
371	Holloway	9290 John Prairie Suite 245\nEast Russellchester, SD 59867	2849866025	100.00	1433	kennethrhodes@hotmail.com
372	Larsen	58142 Williams Mission\nWest Leon, WI 09789	635.954.8323	220.00	1434	shumphrey@ramirez.biz
373	Mcguire	429 Kristi Oval\nLake Matthew, AZ 74149	+1-487-209-2226x42125	110.00	1435	elizabeth35@hotmail.com
374	Strickland	095 Morales Bridge\nAmymouth, MD 60023	469-974-0155x030	230.00	1436	christopher93@rose.com
375	Bowers	2159 Mccarthy Motorway Suite 946\nWellston, MT 46392	424-908-8920	140.00	1437	lynncooper@yahoo.com
376	Jensen	PSC 3822, Box 7888\nAPO AE 03329	800.274.8002x43172	210.00	1438	campbellwesley@tran-huber.com
377	Davis	2225 Ryan Vista Apt. 392\nNorth Julia, MN 70992	306-382-1071x724	190.00	1439	qhuffman@young.com
378	Chavez	42851 Mark Plains Apt. 622\nJudyville, MS 40365	001-372-645-1116x81681	190.00	1440	caroline36@gmail.com
379	Lee	99973 Jessica Ridges\nVincentview, AZ 18924	(795)667-3521x6782	90.00	1441	cclark@evans.com
380	Hall	722 Le River Suite 023\nJessicaton, CT 42476	+1-938-150-6220x251	200.00	1442	rebeccathomas@yahoo.com
381	Holland	PSC 2687, Box 3221\nAPO AA 23629	317.536.3428x948	160.00	1443	qyu@lawrence-henry.com
382	Summers	47880 Garcia Fork\nWheelertown, ND 53772	+1-412-542-8142x595	180.00	1444	reneehenderson@hill-diaz.org
383	Fleming	9262 Louis Island Apt. 180\nKimberlybury, VT 76962	+1-089-412-1323x0483	140.00	1445	shannonarnold@hotmail.com
384	Hartman	058 Cooper Court\nChadland, SC 48362	(827)127-8767x4680	80.00	1446	ashley62@morris-scott.org
385	Diaz	22579 Hughes Place Apt. 747\nAprilstad, OR 82847	+1-950-285-0307	100.00	1447	fisherkristina@yahoo.com
386	Reyes	PSC 8090, Box 9635\nAPO AA 41200	652-184-3824x75837	210.00	1448	reginald95@gmail.com
387	Thornton	76011 Thomas Avenue\nLake Nathanielton, CO 83900	001-418-912-2593	240.00	1449	freemantroy@gmail.com
388	Grant	974 Ashley Tunnel Apt. 895\nAlechaven, TN 51226	+1-127-059-0423	230.00	1450	harrytate@coleman.net
389	Lopez	4374 Melissa Manors\nBarbarachester, MS 30979	+1-453-869-3836x48391	140.00	1451	william86@yahoo.com
390	Hayes	7162 Bennett Way\nEast Scott, DC 03350	(441)237-7499x3612	260.00	1452	brianabrewer@yahoo.com
391	Carter	05329 Rojas Via\nSouth Johnport, AL 06305	226-907-1561	80.00	1453	jo31@yahoo.com
392	Montoya	2557 Lindsey Flat Suite 307\nNew Julie, KS 22164	137-994-8984	190.00	1454	karenrichardson@gmail.com
393	Poole	818 Mary Lights Apt. 434\nNew Daniel, TX 43043	001-445-171-6538	100.00	1455	ubender@huang.org
394	Banks	508 Douglas Expressway\nNew Calvin, RI 35817	078-930-4664x30735	260.00	1456	zbrown@gibson.biz
395	Davidson	891 Margaret Turnpike\nSpencerview, AK 56756	7152399026	270.00	1457	trevor32@reed.com
396	Davis	5777 Hunter Stream Suite 377\nVaughanmouth, IN 85405	001-269-974-4414x463	160.00	1458	nallen@bender.com
397	Lewis	3960 Robert View\nSouth Jodibury, WV 25732	(390)189-3856x0563	70.00	1459	hensonkimberly@kennedy.net
398	Stephens	52928 Burton Common Apt. 084\nPort Jefferytown, CO 47275	566-712-0410x48709	60.00	1460	scottnunez@george.biz
399	Anderson	21565 Benson Plains\nKimfort, MA 03782	849-698-5915x6059	100.00	1461	travisbarnes@hotmail.com
400	Guzman	393 Morgan Shoal\nEast Jennifer, NH 27494	(318)145-5461	150.00	1462	amberalexander@weeks.biz
401	Haley	614 Riley Club Apt. 054\nLake Heather, MI 21712	731.771.3624x711	110.00	1463	crystal76@yahoo.com
402	Lamb	1950 Rojas Extensions\nDicksonshire, MD 44741	(936)378-1019x67110	110.00	1464	reedvicki@rogers-rhodes.com
403	Terry	42324 Taylor Rapids\nJordanshire, NV 73894	748.470.7331x41215	220.00	1465	jenkinswilliam@arroyo.com
404	Carlson	350 Day Flats Suite 175\nBlakeburgh, OK 72779	697.947.3807	270.00	1466	phillip01@griffin.info
405	Hutchinson	060 Chase Circle Suite 675\nMartineztown, NM 19016	001-811-7908x12298	150.00	1467	sara23@stewart-white.com
406	Anderson	8039 Alyssa Circles\nNew Markhaven, DE 95937	+1-920-969-1310x72866	280.00	1468	fletchertyler@yahoo.com
407	Khan	11305 Mike Ferry Suite 889\nNorth Sabrinaburgh, ME 82942	+1-193-870-8288x654	130.00	1469	carrollemily@hotmail.com
408	Henderson	74630 Garcia Key Suite 266\nWoodsmouth, GA 02827	(354)842-5370	70.00	1470	ebailey@valencia.com
409	Garcia	527 Erika Trafficway Suite 433\nEast Amandafurt, MI 30178	(091)206-9944x51064	50.00	1471	mgreer@crawford-walker.com
410	Price	077 Garcia Path Apt. 877\nEast Katie, UT 64667	263-996-4416x34272	260.00	1472	randolphchristina@hotmail.com
411	Gray	2927 Mosley Drives Apt. 606\nPachecoberg, WA 99849	825.967.4772	90.00	1473	raymondkathy@whitehead.com
412	Lee	4134 Kathleen Crest Suite 997\nNew Rubenburgh, ID 44905	377.098.3789x330	190.00	1474	melissalloyd@dominguez.com
413	Brock	USNV Olson\nFPO AE 19543	001-316-725-3379x800	100.00	1475	sean65@yahoo.com
414	Jackson	911 James Trace\nWilsonfort, WV 13232	165.714.4538x04023	80.00	1476	jwright@gmail.com
415	Roman	866 Hawkins Divide\nNorth Debra, MI 04851	+1-105-616-6144x78843	220.00	1477	aprilmcdaniel@yahoo.com
416	Martin	951 Michael Mountains Suite 233\nPort Brucemouth, AZ 05739	730.488.5074	130.00	1478	emoore@liu-oliver.com
417	Sawyer	404 Kelly Path Suite 172\nSmithstad, WI 73625	+1-643-829-9999x4184	90.00	1479	westjesus@yahoo.com
418	Goodwin	089 Reynolds Plains\nSouth William, MD 95785	262.298.8127x0673	270.00	1480	fullermelissa@gmail.com
419	Griffin	49114 Jesse Mountain\nSouth Larrybury, RI 41813	7647650287	260.00	1481	jeffreyberger@mcmillan.com
420	Garcia	0847 Hernandez Falls Apt. 286\nNorth Rebeccaville, FL 37570	(365)110-8210x15577	200.00	1482	william11@frey-collins.com
421	Hawkins	PSC 9802, Box 5916\nAPO AP 31731	+1-661-306-6878x27283	60.00	1483	david52@yahoo.com
422	Gutierrez	1841 Chase Court Suite 564\nEast Kristenfurt, WY 19732	+1-217-540-5127x09096	220.00	1484	kylelee@harrington.net
423	Copeland	3153 Nicholas Squares\nRalphburgh, TN 65471	+1-377-562-9817x391	100.00	1485	baileymolina@church.com
424	Bradley	98105 Day Meadow\nJohnbury, DC 01517	001-365-590-3850x7260	130.00	1486	jwoods@mcmahon.com
425	Miller	207 Donaldson Vista\nSouth Laura, LA 84144	753-169-5636x76005	220.00	1487	daviesjessica@yahoo.com
426	Case	0687 Cobb Lodge\nPort Billyberg, LA 48729	(004)138-4198x510	250.00	1488	fieldsnancy@white.net
427	Nolan	71614 Mark Summit Apt. 912\nEast Michaelburgh, AZ 33115	670-704-5131	100.00	1489	odonnellbrendan@gmail.com
428	Fernandez	8722 Richard Drive Apt. 430\nJeffreyview, SD 98531	274-875-0534x1956	140.00	1490	amy81@yahoo.com
429	Powell	6965 Debbie Fords Apt. 281\nEast Seantown, IA 11621	5606677747	90.00	1491	dforbes@keith.com
430	Adams	202 Bass Roads\nBakerhaven, NE 36365	2716579311	220.00	1492	sandra30@taylor-alexander.com
431	Ryan	20742 Richard Spring Apt. 744\nLake Kevinborough, NJ 23354	598.294.3695	280.00	1493	mariahernandez@lane-howard.net
432	Morales	3476 Johnson Brooks\nNorth Amberville, TX 67593	001-393-183-6356	240.00	1494	harrywilliams@powell-crawford.com
433	Young	4693 Andrew Squares\nNew Marvinborough, UT 52847	(593)825-8481x268	50.00	1495	vickie14@yahoo.com
434	Collins	PSC 3788, Box 3305\nAPO AP 39595	+1-357-183-9537x14274	220.00	1496	frobinson@gmail.com
435	Austin	5875 Smith Port Apt. 442\nWest Ronald, CT 48853	001-964-505-4983x6123	210.00	1497	jerry21@gmail.com
436	White	035 Kyle Ville Apt. 508\nWaynefort, ME 79428	027.267.5073x62459	70.00	1498	wlane@gmail.com
437	Gray	70367 Alyssa Island\nNew Heatherbury, NE 76523	516-879-6689	100.00	1499	blakebryan@walker.org
438	Thompson	205 Jason Coves\nSmithstad, ND 46427	986-659-4606	100.00	1500	rharris@hotmail.com
439	Garcia	2638 Bradford Hill Apt. 581\nMolinamouth, ND 07040	945.570.8606x0458	180.00	1501	flemingdavid@wheeler.com
440	Vargas	796 Maria Extension Apt. 922\nNew Amanda, FL 75508	001-666-339-6622x101	170.00	1502	donald57@hotmail.com
441	Smith	410 Rhonda Extension Apt. 540\nCobbton, AL 14046	5769492927	290.00	1503	reeddanny@carter-evans.com
442	Johnson	Unit 2389 Box 8339\nDPO AP 01990	9815660793	300.00	1504	laurenstevens@wilson.com
443	Taylor	6112 Buchanan Courts Suite 546\nNunezville, NC 25770	323.001.0912x4923	150.00	1505	wilsonkim@sellers.com
444	Boyer	3503 Buck Forks Apt. 378\nCrosshaven, OK 78016	498.099.3532	300.00	1506	hansenlauren@wiggins.com
445	Allen	325 Megan Heights\nSouth Josephside, MO 51670	237.754.8371x27858	290.00	1507	benderpamela@wolf.com
446	Williams	10618 Wyatt Track Suite 743\nStephanieland, NH 32358	1034249618	140.00	1508	holderjeremy@hotmail.com
447	Weaver	6963 Erica Course Suite 119\nPort Jefferystad, RI 45237	640.444.7947x8839	230.00	1509	virginiawilliams@yahoo.com
448	Baldwin	264 Baldwin Roads Suite 741\nWest Barbaraborough, IL 58061	(907)547-2966	80.00	1510	kimberlyfritz@hotmail.com
449	Sullivan	524 Nicholas Crossing\nNancyberg, AZ 84576	(342)523-7510x5560	180.00	1511	joel19@gmail.com
450	Peters	5066 Dennis Pike\nNorth Kenneth, DC 40073	001-742-220-3259x76887	130.00	1512	russellrachel@gmail.com
451	Smith	USS Warren\nFPO AE 81325	560.448.0659x5031	60.00	1513	robert35@gmail.com
452	Moreno	95723 Angie Crescent Apt. 739\nPiercemouth, AZ 15418	158.373.7239x6804	240.00	1514	john13@jenkins.com
453	Herman	293 Bethany Island\nWest Yolandaland, NE 95843	001-190-539-7155x41056	100.00	1515	drodriguez@bishop.com
454	Martin	4547 Le Creek Apt. 611\nNorth Tara, WY 13451	313-965-4609	250.00	1516	david38@lee.net
455	Ryan	63039 Kelly Ramp Suite 694\nPort Paulachester, TX 04258	001-353-573-2561x109	200.00	1517	robertevans@hotmail.com
456	Johnson	3982 Bailey Course Apt. 283\nSantiagomouth, MT 43738	001-316-600-6368	300.00	1518	danielsbrandon@hotmail.com
457	Cruz	1429 Small Place Suite 906\nJasminbury, MD 48916	279.039.6874x091	220.00	1519	ewalters@sandoval-henderson.com
458	Reynolds	PSC 1769, Box 5748\nAPO AE 21239	084-717-2117	250.00	1520	loriwest@yahoo.com
459	Lopez	0857 Michael Greens\nLake Thomas, OH 06303	(171)455-1157	140.00	1521	swang@gmail.com
460	Davis	8317 Tiffany Fields\nNew Patricia, MI 43056	(163)026-5454	230.00	1522	clarkchristine@yahoo.com
461	Brooks	42700 Scott Throughway\nNorth Mikayla, ME 25043	484-754-0798x1147	250.00	1523	pbranch@gates-love.biz
462	Stewart	PSC 6548, Box 0858\nAPO AP 99316	659-939-5358x050	240.00	1524	singletonchristopher@sanchez.com
463	Anderson	6604 Karen Dam\nTeresaside, NV 12497	741.920.3439x45171	190.00	1525	randy02@gmail.com
464	Roberson	USS Levy\nFPO AE 77472	(080)210-4258x279	270.00	1526	ofowler@hotmail.com
465	Williams	1251 Jennifer Road Apt. 284\nPort Mary, MN 05705	261.086.8781x4409	120.00	1527	vgray@joseph.com
466	Ford	037 Sydney Causeway\nMelissaport, RI 31364	857-422-4355x060	190.00	1528	cstewart@hotmail.com
467	Cobb	3282 Diana Common\nPort Veronicamouth, MN 73611	+1-316-533-3951x536	190.00	1529	nancy52@li.com
468	Kennedy	21160 Janet Dale Apt. 771\nPort Matthew, FL 11369	(306)911-0948x7905	180.00	1530	lisanorris@yahoo.com
469	Evans	4261 Taylor Ports Suite 084\nCraigfort, AK 32613	+1-692-534-6588x2101	80.00	1531	carrtyler@robinson.com
470	Hanna	214 Tran Dale\nYvonnefort, OR 16904	+1-378-365-4421x318	290.00	1532	iali@hart.com
471	Velazquez	1047 Baxter Road\nWest Gail, AZ 09638	(145)315-4941x574	260.00	1533	wpineda@hotmail.com
472	Young	18371 Guerrero Parks Apt. 399\nElizabethchester, IA 78302	563.645.5375x017	240.00	1534	michaeldelacruz@jones-cervantes.com
473	Bauer	057 Michelle Forges Suite 722\nNorth Aimee, VT 32948	557-684-0139	100.00	1535	lwatkins@jackson.com
474	Bright	54034 Anthony Harbor\nBarnesfurt, NC 05387	001-129-861-5592x635	70.00	1536	gregorylarson@yahoo.com
475	Alvarado	01286 Gibson Ford Apt. 606\nSarahside, MS 98318	001-083-192-5403x542	130.00	1537	sanderson@yahoo.com
476	Arias	278 Robin Lake Suite 806\nJohnstonmouth, KY 46710	+1-438-167-5139x8368	210.00	1538	qallen@gmail.com
477	Mcdonald	790 Swanson Creek\nEast Jennifertown, ID 95677	(426)019-5800x9114	70.00	1539	johnfreeman@gmail.com
478	Hawkins	7208 Bates Track\nStephanieland, MA 75701	(325)502-3467	110.00	1540	pharrison@buck.com
479	Hawkins	8917 Shaffer Lodge Apt. 273\nBrianmouth, PA 24274	5344573558	190.00	1541	meganhill@hotmail.com
480	Terry	3424 Kristina Glens Suite 070\nEast Carolynburgh, DC 54540	+1-913-139-7851x830	280.00	1542	markmckinney@yahoo.com
481	Walker	2586 Bobby View\nNew Maryside, NE 95560	7251799743	300.00	1543	newmanfrancisco@hotmail.com
482	Khan	USCGC Clark\nFPO AE 55791	001-789-697-1962x145	110.00	1544	jonesmichelle@yahoo.com
483	Klein	444 Justin Greens\nPort Joshua, MI 71955	122-745-6761x4931	300.00	1545	eking@clark.com
484	George	Unit 9842 Box 8877\nDPO AE 04221	515.748.8086x48708	130.00	1546	robert91@yahoo.com
485	Vincent	19159 Karen Tunnel\nWest Thomas, KS 25613	1791188668	190.00	1547	schmidtrichard@washington.com
486	Perez	9986 Maxwell Wells\nPort Tammyburgh, TX 70440	588.937.2385x14879	140.00	1548	stephen27@hotmail.com
487	Martinez	0537 Eric Glen\nAllisonport, KY 60723	(832)269-7437	270.00	1549	john02@wise.com
488	Pollard	03687 Karen Pine Apt. 433\nDouglasberg, ME 29449	001-747-339-1986x28532	210.00	1550	angela07@brooks-page.org
489	Johnson	37767 Vega Isle\nNew Amanda, LA 14059	841-775-9701x30580	160.00	1551	sullivanwilliam@gmail.com
490	Lozano	64475 Albert Estates Suite 144\nPort Todd, WI 29238	3172819780	110.00	1552	marvinnixon@gomez.com
491	Robertson	9858 Phillips Fall Suite 004\nZacharyhaven, GA 92518	(736)449-3196x79715	130.00	1553	davidholder@walker-evans.com
492	Tyler	368 Rasmussen Squares\nTorresstad, FL 38974	163-128-2370	270.00	1554	wareamy@gmail.com
493	Smith	254 Troy Tunnel Suite 113\nLake Catherinemouth, SC 46052	+1-588-000-3635	210.00	1555	gdavis@hotmail.com
494	Lawrence	59437 Dylan Ways Suite 435\nWest Michaelburgh, DC 19656	199-102-7635x29479	260.00	1556	timothy64@hotmail.com
495	Patel	24693 Bates Ridge Apt. 671\nPatrickburgh, ID 55035	8189402001	190.00	1557	markellis@bowers-frederick.com
496	Elliott	895 Julie Village\nWest Jasminefort, NC 54187	801-253-4020	240.00	1558	mchoi@gmail.com
497	Arnold	657 Jennifer Stream\nBlackmouth, NM 99802	390.887.2630x15396	70.00	1559	olivermonique@hotmail.com
498	Baker	931 Alan Route\nSouth Melissamouth, VA 37834	598.265.0151	260.00	1560	charles20@flowers.info
499	Wong	62955 Shelby Well\nNew Eric, NJ 35993	877.452.0404	230.00	1561	savageronald@gmail.com
500	Wilson	9318 Jackson Plains Suite 752\nEast Catherine, WV 63852	001-337-662-9193	210.00	1562	tscott@yahoo.com
501	Reyes	57774 Smith Fords\nSloanville, NM 66446	328-149-7943	70.00	1563	csalinas@gmail.com
502	Robles	8496 Miller Gateway\nBartletthaven, CA 56021	001-111-731-0958	280.00	1564	xmason@navarro.com
503	Nichols	82916 Delgado Road Apt. 875\nLake Savannah, WV 02398	832.741.2799x2455	130.00	1565	igarza@dudley.com
504	Turner	3258 Taylor Highway Suite 224\nDavisland, MO 74635	001-110-805-8924	190.00	1566	katherine57@gmail.com
505	Santos	73858 Patterson Mission Apt. 621\nAliciaborough, NH 84668	9353465614	100.00	1567	theresawhite@king.net
506	Collins	5575 Patterson Villages\nLake Amanda, WY 71570	+1-142-238-2533	170.00	1568	williamhodges@santana-alvarez.com
507	Quinn	775 Kirby Estate Suite 460\nEast Kennethton, KS 43934	+1-237-354-4865	160.00	1569	christopherwood@hotmail.com
508	Hoffman	320 Daugherty Mountain Suite 987\nNew Williamborough, NH 67824	059-126-9909	50.00	1570	duncanmichael@hotmail.com
509	Meyer	707 Williams Squares Apt. 358\nCherylshire, IN 11202	001-096-278-9347	110.00	1571	clarkcourtney@conway.info
510	Edwards	576 Christopher Burgs Suite 589\nMooreshire, HI 53861	(520)564-9634x23548	100.00	1572	weavernathan@hotmail.com
511	Benton	4336 David Unions Suite 356\nJuantown, RI 31088	5044604551	140.00	1573	reyescheryl@yahoo.com
512	Bell	9142 Angela Ridge Apt. 277\nSpencerton, OK 10809	+1-896-613-1827x4768	220.00	1574	jacqueline30@yahoo.com
513	Johnson	424 Peter Crescent\nNew Juanville, WA 39241	(871)702-3631	120.00	1575	xgray@macdonald.net
514	Frazier	03305 Janice Plains Apt. 649\nWest Stevenmouth, WA 14683	(599)255-3196	170.00	1576	lhuffman@miller.com
515	Rocha	61897 Chavez Cape Suite 526\nRichardview, DE 84116	001-164-630-3809x270	290.00	1577	stoutlauren@hickman.com
516	Thompson	96817 Gomez Square\nEast James, OK 03035	062-504-4088x911	260.00	1578	johnny95@holloway.com
517	Park	911 Michelle Canyon\nPort Roy, ND 56323	177.950.4530x09029	200.00	1579	michaelwatson@brown.com
518	Wallace	USS Cortez\nFPO AP 14968	(200)998-0523	130.00	1580	uruiz@hotmail.com
519	Williams	932 Amanda Valleys Apt. 413\nLake Nancytown, AR 29153	(569)585-2119x79547	120.00	1581	amymiller@brown.biz
520	Morgan	92202 Woodard Extensions\nJacksonport, WI 54646	+1-971-783-1329x7248	190.00	1582	jasonlopez@gmail.com
521	Arellano	63094 Higgins Ports\nWhiteberg, RI 79436	+1-285-224-6490x0730	160.00	1583	nhunter@franklin-curry.org
522	Walker	5296 Allen Island\nDavidfurt, CA 33138	9146647641	70.00	1584	andrewanderson@hotmail.com
523	Sparks	6200 Walls Corners\nNorth Nicholas, SD 98163	001-413-048-4890x518	270.00	1585	maddoxsally@gmail.com
524	Cortez	8234 Wesley Village\nEast Emilyborough, NC 39260	+1-856-378-8037	230.00	1586	angelicakhan@krause.com
525	Daniel	15733 Huang Skyway\nSullivanside, FL 93667	001-878-360-7361x8975	230.00	1587	sanchezbrian@marsh.biz
526	Ray	2332 Chandler Haven\nPort Susanchester, AR 79786	(114)874-2957x7439	190.00	1588	kevinnorman@ritter.com
527	Powell	45101 Jennifer Tunnel Suite 441\nNew Jonathanmouth, NC 14090	001-758-608-4772	270.00	1589	pcain@yahoo.com
528	Washington	130 Davis Plaza Apt. 103\nSouth Andrea, MA 42288	001-093-245-8275x63986	170.00	1590	kimberly46@jackson.com
529	Jones	205 Gonzalez Lake\nEast Michael, MN 31863	5588603029	220.00	1591	saraalvarez@king-davis.com
530	Morris	25016 Sarah Roads Suite 625\nWest Natasha, MO 77783	070-797-4339x234	70.00	1592	wrightsusan@gray.com
\.


--
-- Data for Name: travel_planner_app_hotelbooking; Type: TABLE DATA; Schema: public; Owner: postgres
--

COPY public.travel_planner_app_hotelbooking (id, check_in, check_out, hotel_id, travel_booking_summary_id) FROM stdin;
1	2020-04-01	2020-05-01	2	1
3	2020-03-19	2020-04-01	6	2
\.


--
-- Data for Name: travel_planner_app_ticket; Type: TABLE DATA; Schema: public; Owner: postgres
--

COPY public.travel_planner_app_ticket (id, travel_date_start, travel_date_end, airport_departure, airport_arrival, ticket_cost, supervisor_approval, travel_booking_summary_id) FROM stdin;
2	2020-04-01	2020-05-01	Canada Ashleyborough; IATA code: GZLJ; airport nameShepherd Bypass	Germany Garciaside; IATA code: BABU; airport nameRonald Radial	100.00	f	1
4	2020-03-25	2020-03-28	Canada Bonnieton; IATA code: YNER; airport nameBruce Fork	USA Hillland; IATA code: HCFU; airport nameDavid Key	200.00	f	2
6	2020-03-29	2020-03-30	Canada Johnborough; IATA code: OHXW; airport nameBeverly Cape	Canada Bonnieton; IATA code: GKRT; airport nameArthur Square	100.00	f	3
8	2020-03-24	2020-05-24	Canada Martinview; IATA code: JAWL; airport nameKristen Rest	Canada Ginamouth; IATA code: GWDJ; airport nameGardner Field	100.00	t	6
9	2020-03-29	2020-04-07	Canada New Lindseyport; IATA code: AJHX; airport nameHughes Locks	Bolivia New Jenniferborough; IATA code: UZLX; airport nameWilkinson Walks	122.00	f	7
\.


--
-- Data for Name: travel_planner_app_travelbookingsummary; Type: TABLE DATA; Schema: public; Owner: postgres
--

COPY public.travel_planner_app_travelbookingsummary (id, employee_comment, supervisor_comment, travel_calendar_id) FROM stdin;
1	?	?	1
2	super	te super	18
3	nothing	nothing	19
4	waiting for comment	waiting for comment	2
5	waiting for comment	waiting for comment	17
6	waiting for comment	waiting for comment	5
7	waiting for comment	waiting for comment	20
8	waiting for comment	waiting for comment	16
9	waiting for comment	waiting for comment	16
10	waiting for comment	waiting for comment	16
11	waiting for comment	waiting for comment	16
12	waiting for comment	waiting for comment	16
\.


--
-- Data for Name: travel_planner_app_travelcalendar; Type: TABLE DATA; Schema: public; Owner: postgres
--

COPY public.travel_planner_app_travelcalendar (id, travel_date_start, travel_date_end, city_destination, country_destination, travel_purpose_description, employee_approval, supervisor_approval, notification_advance, city_from_id, employee_id) FROM stdin;
1	2020-04-01	2020-05-01	Germany Rebeccaborough	Canada	Praca	\N	\N	7	1063	1
2	2020-03-15	2020-05-15	USA Hubbardshire	USA	Work	\N	\N	7	1073	2
3	2020-03-20	2020-05-20	Bolivia North Kevinmouth	Bolivia	Work	\N	\N	14	1084	4
4	2020-03-17	2020-05-20	Pakistan Port Alexander	Pakistan	Work	\N	\N	21	1093	5
5	2020-03-24	2020-05-24	Belarus South Ernestfurt	Belarus	Work	\N	\N	20	1104	5
6	2020-03-28	2020-05-27	Panama New Meredithville	Panama	Visit	\N	\N	9	1123	7
8	2020-04-05	2020-06-06	Canada North Stacy	Canada	Work	\N	\N	10	1117	15
9	2020-04-10	2020-06-15	Germany Kirbyville	Germany	Work	\N	\N	15	1588	19
10	2020-06-28	2020-07-25	Uruguay East Kennethchester	Uruguay	Work	\N	\N	11	1118	1
11	2020-06-30	2020-07-31	Germany South Heather	Germany	Work	\N	\N	2	1063	2
12	2020-06-20	2020-08-01	Bolivia New Jennifer	Bolivia	Work	\N	\N	15	1081	4
13	2020-10-10	2020-10-15	Canada Martinview	Canada	Work	\N	\N	1	1123	27
14	2020-04-01	2020-05-27	Belarus Myersshire	Belarus	Work	\N	\N	7	1069	15
15	2020-04-01	2020-05-20	Canada Port Evelyn	Canada	Work	\N	\N	7	1063	5
16	2020-04-01	2020-05-20	Germany Josephfurt	Germany	Praca	\N	\N	7	1077	14
17	2020-03-20	2020-05-20	Germany South Heather	Italy	Work	\N	\N	7	1076	16
18	2020-03-20	2020-04-01	Canada Bonnieton	Canada	work	\N	\N	7	1097	29
19	2020-03-29	2020-03-30	Germany Josephfurt	Germany	Work	f	f	7	1085	53
20	2020-04-02	2020-04-07	Germany New Christopher	Germany	Work	\N	\N	7	1070	32
21	2020-06-02	2020-07-30	Panama New Lindseyshire	Panama	Visit	f	f	7	1081	135
22	2020-06-09	2020-07-30	Canada Martinview	Canada	Training	f	f	7	1089	101
23	2020-06-10	2020-06-15	Pakistan Port Alexander	Pakistan	Visit	f	f	7	1114	50
24	2020-06-10	2020-06-15	Pakistan Port Alexander	Pakistan	Visit	f	f	7	1114	50
25	2020-06-10	2020-06-15	Pakistan Port Alexander	Pakistan	Visit	f	f	7	1114	50
26	2020-06-10	2020-06-15	Bolivia New Jenniferborough	Bolivia	Work	f	f	7	1127	120
27	2020-06-11	2020-06-16	Pakistan Angelamouth	Pakistan	Work	f	f	7	1076	1
28	2020-06-12	2020-06-17	Pakistan New Gregorytown	Pakistan	Visit	f	f	7	1075	1
29	2020-04-04	2020-05-05	Bolivia New Laurie	Bolivia	Work	f	f	7	1079	209
30	2020-04-04	2020-05-05	Uganda Morastad	Singapore	Work	f	f	7	1193	91
\.


--
-- Data for Name: travel_planner_app_visa; Type: TABLE DATA; Schema: public; Owner: postgres
--

COPY public.travel_planner_app_visa (id, issued_on, validity_days, extension_option, visa_cost, travel_booking_summary_id) FROM stdin;
1	2020-01-01	180	f	150.00	1
2	2020-03-19	100	f	0.00	2
\.


--
-- Name: auth_group_id_seq; Type: SEQUENCE SET; Schema: public; Owner: postgres
--

SELECT pg_catalog.setval('public.auth_group_id_seq', 1, true);


--
-- Name: auth_group_permissions_id_seq; Type: SEQUENCE SET; Schema: public; Owner: postgres
--

SELECT pg_catalog.setval('public.auth_group_permissions_id_seq', 4, true);


--
-- Name: auth_permission_id_seq; Type: SEQUENCE SET; Schema: public; Owner: postgres
--

SELECT pg_catalog.setval('public.auth_permission_id_seq', 64, true);


--
-- Name: auth_user_groups_id_seq; Type: SEQUENCE SET; Schema: public; Owner: postgres
--

SELECT pg_catalog.setval('public.auth_user_groups_id_seq', 2, true);


--
-- Name: auth_user_id_seq; Type: SEQUENCE SET; Schema: public; Owner: postgres
--

SELECT pg_catalog.setval('public.auth_user_id_seq', 8, true);


--
-- Name: auth_user_user_permissions_id_seq; Type: SEQUENCE SET; Schema: public; Owner: postgres
--

SELECT pg_catalog.setval('public.auth_user_user_permissions_id_seq', 19, true);


--
-- Name: django_admin_log_id_seq; Type: SEQUENCE SET; Schema: public; Owner: postgres
--

SELECT pg_catalog.setval('public.django_admin_log_id_seq', 11, true);


--
-- Name: django_content_type_id_seq; Type: SEQUENCE SET; Schema: public; Owner: postgres
--

SELECT pg_catalog.setval('public.django_content_type_id_seq', 16, true);


--
-- Name: django_migrations_id_seq; Type: SEQUENCE SET; Schema: public; Owner: postgres
--

SELECT pg_catalog.setval('public.django_migrations_id_seq', 28, true);


--
-- Name: travel_planner_app_airport_id_seq; Type: SEQUENCE SET; Schema: public; Owner: postgres
--

SELECT pg_catalog.setval('public.travel_planner_app_airport_id_seq', 3198, true);


--
-- Name: travel_planner_app_city_id_seq; Type: SEQUENCE SET; Schema: public; Owner: postgres
--

SELECT pg_catalog.setval('public.travel_planner_app_city_id_seq', 1592, true);


--
-- Name: travel_planner_app_country_id_seq; Type: SEQUENCE SET; Schema: public; Owner: postgres
--

SELECT pg_catalog.setval('public.travel_planner_app_country_id_seq', 58, true);


--
-- Name: travel_planner_app_employee_id_seq; Type: SEQUENCE SET; Schema: public; Owner: postgres
--

SELECT pg_catalog.setval('public.travel_planner_app_employee_id_seq', 293, true);


--
-- Name: travel_planner_app_hotel_id_seq; Type: SEQUENCE SET; Schema: public; Owner: postgres
--

SELECT pg_catalog.setval('public.travel_planner_app_hotel_id_seq', 530, true);


--
-- Name: travel_planner_app_hotelbooking_id_seq; Type: SEQUENCE SET; Schema: public; Owner: postgres
--

SELECT pg_catalog.setval('public.travel_planner_app_hotelbooking_id_seq', 3, true);


--
-- Name: travel_planner_app_ticket_id_seq; Type: SEQUENCE SET; Schema: public; Owner: postgres
--

SELECT pg_catalog.setval('public.travel_planner_app_ticket_id_seq', 9, true);


--
-- Name: travel_planner_app_travelbookingsummary_id_seq; Type: SEQUENCE SET; Schema: public; Owner: postgres
--

SELECT pg_catalog.setval('public.travel_planner_app_travelbookingsummary_id_seq', 12, true);


--
-- Name: travel_planner_app_travelcalendar_id_seq; Type: SEQUENCE SET; Schema: public; Owner: postgres
--

SELECT pg_catalog.setval('public.travel_planner_app_travelcalendar_id_seq', 30, true);


--
-- Name: travel_planner_app_visa_id_seq; Type: SEQUENCE SET; Schema: public; Owner: postgres
--

SELECT pg_catalog.setval('public.travel_planner_app_visa_id_seq', 2, true);


--
-- Name: auth_group auth_group_name_key; Type: CONSTRAINT; Schema: public; Owner: postgres
--

ALTER TABLE ONLY public.auth_group
    ADD CONSTRAINT auth_group_name_key UNIQUE (name);


--
-- Name: auth_group_permissions auth_group_permissions_group_id_permission_id_0cd325b0_uniq; Type: CONSTRAINT; Schema: public; Owner: postgres
--

ALTER TABLE ONLY public.auth_group_permissions
    ADD CONSTRAINT auth_group_permissions_group_id_permission_id_0cd325b0_uniq UNIQUE (group_id, permission_id);


--
-- Name: auth_group_permissions auth_group_permissions_pkey; Type: CONSTRAINT; Schema: public; Owner: postgres
--

ALTER TABLE ONLY public.auth_group_permissions
    ADD CONSTRAINT auth_group_permissions_pkey PRIMARY KEY (id);


--
-- Name: auth_group auth_group_pkey; Type: CONSTRAINT; Schema: public; Owner: postgres
--

ALTER TABLE ONLY public.auth_group
    ADD CONSTRAINT auth_group_pkey PRIMARY KEY (id);


--
-- Name: auth_permission auth_permission_content_type_id_codename_01ab375a_uniq; Type: CONSTRAINT; Schema: public; Owner: postgres
--

ALTER TABLE ONLY public.auth_permission
    ADD CONSTRAINT auth_permission_content_type_id_codename_01ab375a_uniq UNIQUE (content_type_id, codename);


--
-- Name: auth_permission auth_permission_pkey; Type: CONSTRAINT; Schema: public; Owner: postgres
--

ALTER TABLE ONLY public.auth_permission
    ADD CONSTRAINT auth_permission_pkey PRIMARY KEY (id);


--
-- Name: auth_user_groups auth_user_groups_pkey; Type: CONSTRAINT; Schema: public; Owner: postgres
--

ALTER TABLE ONLY public.auth_user_groups
    ADD CONSTRAINT auth_user_groups_pkey PRIMARY KEY (id);


--
-- Name: auth_user_groups auth_user_groups_user_id_group_id_94350c0c_uniq; Type: CONSTRAINT; Schema: public; Owner: postgres
--

ALTER TABLE ONLY public.auth_user_groups
    ADD CONSTRAINT auth_user_groups_user_id_group_id_94350c0c_uniq UNIQUE (user_id, group_id);


--
-- Name: auth_user auth_user_pkey; Type: CONSTRAINT; Schema: public; Owner: postgres
--

ALTER TABLE ONLY public.auth_user
    ADD CONSTRAINT auth_user_pkey PRIMARY KEY (id);


--
-- Name: auth_user_user_permissions auth_user_user_permissions_pkey; Type: CONSTRAINT; Schema: public; Owner: postgres
--

ALTER TABLE ONLY public.auth_user_user_permissions
    ADD CONSTRAINT auth_user_user_permissions_pkey PRIMARY KEY (id);


--
-- Name: auth_user_user_permissions auth_user_user_permissions_user_id_permission_id_14a6b632_uniq; Type: CONSTRAINT; Schema: public; Owner: postgres
--

ALTER TABLE ONLY public.auth_user_user_permissions
    ADD CONSTRAINT auth_user_user_permissions_user_id_permission_id_14a6b632_uniq UNIQUE (user_id, permission_id);


--
-- Name: auth_user auth_user_username_key; Type: CONSTRAINT; Schema: public; Owner: postgres
--

ALTER TABLE ONLY public.auth_user
    ADD CONSTRAINT auth_user_username_key UNIQUE (username);


--
-- Name: django_admin_log django_admin_log_pkey; Type: CONSTRAINT; Schema: public; Owner: postgres
--

ALTER TABLE ONLY public.django_admin_log
    ADD CONSTRAINT django_admin_log_pkey PRIMARY KEY (id);


--
-- Name: django_content_type django_content_type_app_label_model_76bd3d3b_uniq; Type: CONSTRAINT; Schema: public; Owner: postgres
--

ALTER TABLE ONLY public.django_content_type
    ADD CONSTRAINT django_content_type_app_label_model_76bd3d3b_uniq UNIQUE (app_label, model);


--
-- Name: django_content_type django_content_type_pkey; Type: CONSTRAINT; Schema: public; Owner: postgres
--

ALTER TABLE ONLY public.django_content_type
    ADD CONSTRAINT django_content_type_pkey PRIMARY KEY (id);


--
-- Name: django_migrations django_migrations_pkey; Type: CONSTRAINT; Schema: public; Owner: postgres
--

ALTER TABLE ONLY public.django_migrations
    ADD CONSTRAINT django_migrations_pkey PRIMARY KEY (id);


--
-- Name: django_session django_session_pkey; Type: CONSTRAINT; Schema: public; Owner: postgres
--

ALTER TABLE ONLY public.django_session
    ADD CONSTRAINT django_session_pkey PRIMARY KEY (session_key);


--
-- Name: travel_planner_app_airport travel_planner_app_airport_pkey; Type: CONSTRAINT; Schema: public; Owner: postgres
--

ALTER TABLE ONLY public.travel_planner_app_airport
    ADD CONSTRAINT travel_planner_app_airport_pkey PRIMARY KEY (id);


--
-- Name: travel_planner_app_city travel_planner_app_city_pkey; Type: CONSTRAINT; Schema: public; Owner: postgres
--

ALTER TABLE ONLY public.travel_planner_app_city
    ADD CONSTRAINT travel_planner_app_city_pkey PRIMARY KEY (id);


--
-- Name: travel_planner_app_country travel_planner_app_country_pkey; Type: CONSTRAINT; Schema: public; Owner: postgres
--

ALTER TABLE ONLY public.travel_planner_app_country
    ADD CONSTRAINT travel_planner_app_country_pkey PRIMARY KEY (id);


--
-- Name: travel_planner_app_employee travel_planner_app_employee_pkey; Type: CONSTRAINT; Schema: public; Owner: postgres
--

ALTER TABLE ONLY public.travel_planner_app_employee
    ADD CONSTRAINT travel_planner_app_employee_pkey PRIMARY KEY (id);


--
-- Name: travel_planner_app_employee travel_planner_app_employee_user_id_key; Type: CONSTRAINT; Schema: public; Owner: postgres
--

ALTER TABLE ONLY public.travel_planner_app_employee
    ADD CONSTRAINT travel_planner_app_employee_user_id_key UNIQUE (user_id);


--
-- Name: travel_planner_app_hotel travel_planner_app_hotel_pkey; Type: CONSTRAINT; Schema: public; Owner: postgres
--

ALTER TABLE ONLY public.travel_planner_app_hotel
    ADD CONSTRAINT travel_planner_app_hotel_pkey PRIMARY KEY (id);


--
-- Name: travel_planner_app_hotelbooking travel_planner_app_hotelbooking_pkey; Type: CONSTRAINT; Schema: public; Owner: postgres
--

ALTER TABLE ONLY public.travel_planner_app_hotelbooking
    ADD CONSTRAINT travel_planner_app_hotelbooking_pkey PRIMARY KEY (id);


--
-- Name: travel_planner_app_ticket travel_planner_app_ticket_pkey; Type: CONSTRAINT; Schema: public; Owner: postgres
--

ALTER TABLE ONLY public.travel_planner_app_ticket
    ADD CONSTRAINT travel_planner_app_ticket_pkey PRIMARY KEY (id);


--
-- Name: travel_planner_app_travelbookingsummary travel_planner_app_travelbookingsummary_pkey; Type: CONSTRAINT; Schema: public; Owner: postgres
--

ALTER TABLE ONLY public.travel_planner_app_travelbookingsummary
    ADD CONSTRAINT travel_planner_app_travelbookingsummary_pkey PRIMARY KEY (id);


--
-- Name: travel_planner_app_travelcalendar travel_planner_app_travelcalendar_pkey; Type: CONSTRAINT; Schema: public; Owner: postgres
--

ALTER TABLE ONLY public.travel_planner_app_travelcalendar
    ADD CONSTRAINT travel_planner_app_travelcalendar_pkey PRIMARY KEY (id);


--
-- Name: travel_planner_app_visa travel_planner_app_visa_pkey; Type: CONSTRAINT; Schema: public; Owner: postgres
--

ALTER TABLE ONLY public.travel_planner_app_visa
    ADD CONSTRAINT travel_planner_app_visa_pkey PRIMARY KEY (id);


--
-- Name: auth_group_name_a6ea08ec_like; Type: INDEX; Schema: public; Owner: postgres
--

CREATE INDEX auth_group_name_a6ea08ec_like ON public.auth_group USING btree (name varchar_pattern_ops);


--
-- Name: auth_group_permissions_group_id_b120cbf9; Type: INDEX; Schema: public; Owner: postgres
--

CREATE INDEX auth_group_permissions_group_id_b120cbf9 ON public.auth_group_permissions USING btree (group_id);


--
-- Name: auth_group_permissions_permission_id_84c5c92e; Type: INDEX; Schema: public; Owner: postgres
--

CREATE INDEX auth_group_permissions_permission_id_84c5c92e ON public.auth_group_permissions USING btree (permission_id);


--
-- Name: auth_permission_content_type_id_2f476e4b; Type: INDEX; Schema: public; Owner: postgres
--

CREATE INDEX auth_permission_content_type_id_2f476e4b ON public.auth_permission USING btree (content_type_id);


--
-- Name: auth_user_groups_group_id_97559544; Type: INDEX; Schema: public; Owner: postgres
--

CREATE INDEX auth_user_groups_group_id_97559544 ON public.auth_user_groups USING btree (group_id);


--
-- Name: auth_user_groups_user_id_6a12ed8b; Type: INDEX; Schema: public; Owner: postgres
--

CREATE INDEX auth_user_groups_user_id_6a12ed8b ON public.auth_user_groups USING btree (user_id);


--
-- Name: auth_user_user_permissions_permission_id_1fbb5f2c; Type: INDEX; Schema: public; Owner: postgres
--

CREATE INDEX auth_user_user_permissions_permission_id_1fbb5f2c ON public.auth_user_user_permissions USING btree (permission_id);


--
-- Name: auth_user_user_permissions_user_id_a95ead1b; Type: INDEX; Schema: public; Owner: postgres
--

CREATE INDEX auth_user_user_permissions_user_id_a95ead1b ON public.auth_user_user_permissions USING btree (user_id);


--
-- Name: auth_user_username_6821ab7c_like; Type: INDEX; Schema: public; Owner: postgres
--

CREATE INDEX auth_user_username_6821ab7c_like ON public.auth_user USING btree (username varchar_pattern_ops);


--
-- Name: django_admin_log_content_type_id_c4bce8eb; Type: INDEX; Schema: public; Owner: postgres
--

CREATE INDEX django_admin_log_content_type_id_c4bce8eb ON public.django_admin_log USING btree (content_type_id);


--
-- Name: django_admin_log_user_id_c564eba6; Type: INDEX; Schema: public; Owner: postgres
--

CREATE INDEX django_admin_log_user_id_c564eba6 ON public.django_admin_log USING btree (user_id);


--
-- Name: django_session_expire_date_a5c62663; Type: INDEX; Schema: public; Owner: postgres
--

CREATE INDEX django_session_expire_date_a5c62663 ON public.django_session USING btree (expire_date);


--
-- Name: django_session_session_key_c0390e0f_like; Type: INDEX; Schema: public; Owner: postgres
--

CREATE INDEX django_session_session_key_c0390e0f_like ON public.django_session USING btree (session_key varchar_pattern_ops);


--
-- Name: travel_planner_app_airport_city_id_f457a3c3; Type: INDEX; Schema: public; Owner: postgres
--

CREATE INDEX travel_planner_app_airport_city_id_f457a3c3 ON public.travel_planner_app_airport USING btree (city_id);


--
-- Name: travel_planner_app_city_country_id_4651352e; Type: INDEX; Schema: public; Owner: postgres
--

CREATE INDEX travel_planner_app_city_country_id_4651352e ON public.travel_planner_app_city USING btree (country_id);


--
-- Name: travel_planner_app_hotel_city_id_e11da195; Type: INDEX; Schema: public; Owner: postgres
--

CREATE INDEX travel_planner_app_hotel_city_id_e11da195 ON public.travel_planner_app_hotel USING btree (city_id);


--
-- Name: travel_planner_app_hotelbo_travel_booking_summary_id_b95ba8f1; Type: INDEX; Schema: public; Owner: postgres
--

CREATE INDEX travel_planner_app_hotelbo_travel_booking_summary_id_b95ba8f1 ON public.travel_planner_app_hotelbooking USING btree (travel_booking_summary_id);


--
-- Name: travel_planner_app_hotelbooking_hotel_id_ddc9e7fb; Type: INDEX; Schema: public; Owner: postgres
--

CREATE INDEX travel_planner_app_hotelbooking_hotel_id_ddc9e7fb ON public.travel_planner_app_hotelbooking USING btree (hotel_id);


--
-- Name: travel_planner_app_ticket_travel_booking_summary_id_f5180954; Type: INDEX; Schema: public; Owner: postgres
--

CREATE INDEX travel_planner_app_ticket_travel_booking_summary_id_f5180954 ON public.travel_planner_app_ticket USING btree (travel_booking_summary_id);


--
-- Name: travel_planner_app_travelb_travel_calendar_id_d5d3fa96; Type: INDEX; Schema: public; Owner: postgres
--

CREATE INDEX travel_planner_app_travelb_travel_calendar_id_d5d3fa96 ON public.travel_planner_app_travelbookingsummary USING btree (travel_calendar_id);


--
-- Name: travel_planner_app_travelcalendar_city_from_id_246fa684; Type: INDEX; Schema: public; Owner: postgres
--

CREATE INDEX travel_planner_app_travelcalendar_city_from_id_246fa684 ON public.travel_planner_app_travelcalendar USING btree (city_from_id);


--
-- Name: travel_planner_app_travelcalendar_employee_id_4068ba9d; Type: INDEX; Schema: public; Owner: postgres
--

CREATE INDEX travel_planner_app_travelcalendar_employee_id_4068ba9d ON public.travel_planner_app_travelcalendar USING btree (employee_id);


--
-- Name: travel_planner_app_visa_travel_booking_summary_id_9c3ac1d3; Type: INDEX; Schema: public; Owner: postgres
--

CREATE INDEX travel_planner_app_visa_travel_booking_summary_id_9c3ac1d3 ON public.travel_planner_app_visa USING btree (travel_booking_summary_id);


--
-- Name: auth_group_permissions auth_group_permissio_permission_id_84c5c92e_fk_auth_perm; Type: FK CONSTRAINT; Schema: public; Owner: postgres
--

ALTER TABLE ONLY public.auth_group_permissions
    ADD CONSTRAINT auth_group_permissio_permission_id_84c5c92e_fk_auth_perm FOREIGN KEY (permission_id) REFERENCES public.auth_permission(id) DEFERRABLE INITIALLY DEFERRED;


--
-- Name: auth_group_permissions auth_group_permissions_group_id_b120cbf9_fk_auth_group_id; Type: FK CONSTRAINT; Schema: public; Owner: postgres
--

ALTER TABLE ONLY public.auth_group_permissions
    ADD CONSTRAINT auth_group_permissions_group_id_b120cbf9_fk_auth_group_id FOREIGN KEY (group_id) REFERENCES public.auth_group(id) DEFERRABLE INITIALLY DEFERRED;


--
-- Name: auth_permission auth_permission_content_type_id_2f476e4b_fk_django_co; Type: FK CONSTRAINT; Schema: public; Owner: postgres
--

ALTER TABLE ONLY public.auth_permission
    ADD CONSTRAINT auth_permission_content_type_id_2f476e4b_fk_django_co FOREIGN KEY (content_type_id) REFERENCES public.django_content_type(id) DEFERRABLE INITIALLY DEFERRED;


--
-- Name: auth_user_groups auth_user_groups_group_id_97559544_fk_auth_group_id; Type: FK CONSTRAINT; Schema: public; Owner: postgres
--

ALTER TABLE ONLY public.auth_user_groups
    ADD CONSTRAINT auth_user_groups_group_id_97559544_fk_auth_group_id FOREIGN KEY (group_id) REFERENCES public.auth_group(id) DEFERRABLE INITIALLY DEFERRED;


--
-- Name: auth_user_groups auth_user_groups_user_id_6a12ed8b_fk_auth_user_id; Type: FK CONSTRAINT; Schema: public; Owner: postgres
--

ALTER TABLE ONLY public.auth_user_groups
    ADD CONSTRAINT auth_user_groups_user_id_6a12ed8b_fk_auth_user_id FOREIGN KEY (user_id) REFERENCES public.auth_user(id) DEFERRABLE INITIALLY DEFERRED;


--
-- Name: auth_user_user_permissions auth_user_user_permi_permission_id_1fbb5f2c_fk_auth_perm; Type: FK CONSTRAINT; Schema: public; Owner: postgres
--

ALTER TABLE ONLY public.auth_user_user_permissions
    ADD CONSTRAINT auth_user_user_permi_permission_id_1fbb5f2c_fk_auth_perm FOREIGN KEY (permission_id) REFERENCES public.auth_permission(id) DEFERRABLE INITIALLY DEFERRED;


--
-- Name: auth_user_user_permissions auth_user_user_permissions_user_id_a95ead1b_fk_auth_user_id; Type: FK CONSTRAINT; Schema: public; Owner: postgres
--

ALTER TABLE ONLY public.auth_user_user_permissions
    ADD CONSTRAINT auth_user_user_permissions_user_id_a95ead1b_fk_auth_user_id FOREIGN KEY (user_id) REFERENCES public.auth_user(id) DEFERRABLE INITIALLY DEFERRED;


--
-- Name: django_admin_log django_admin_log_content_type_id_c4bce8eb_fk_django_co; Type: FK CONSTRAINT; Schema: public; Owner: postgres
--

ALTER TABLE ONLY public.django_admin_log
    ADD CONSTRAINT django_admin_log_content_type_id_c4bce8eb_fk_django_co FOREIGN KEY (content_type_id) REFERENCES public.django_content_type(id) DEFERRABLE INITIALLY DEFERRED;


--
-- Name: django_admin_log django_admin_log_user_id_c564eba6_fk_auth_user_id; Type: FK CONSTRAINT; Schema: public; Owner: postgres
--

ALTER TABLE ONLY public.django_admin_log
    ADD CONSTRAINT django_admin_log_user_id_c564eba6_fk_auth_user_id FOREIGN KEY (user_id) REFERENCES public.auth_user(id) DEFERRABLE INITIALLY DEFERRED;


--
-- Name: travel_planner_app_airport travel_planner_app_a_city_id_f457a3c3_fk_travel_pl; Type: FK CONSTRAINT; Schema: public; Owner: postgres
--

ALTER TABLE ONLY public.travel_planner_app_airport
    ADD CONSTRAINT travel_planner_app_a_city_id_f457a3c3_fk_travel_pl FOREIGN KEY (city_id) REFERENCES public.travel_planner_app_city(id) DEFERRABLE INITIALLY DEFERRED;


--
-- Name: travel_planner_app_city travel_planner_app_c_country_id_4651352e_fk_travel_pl; Type: FK CONSTRAINT; Schema: public; Owner: postgres
--

ALTER TABLE ONLY public.travel_planner_app_city
    ADD CONSTRAINT travel_planner_app_c_country_id_4651352e_fk_travel_pl FOREIGN KEY (country_id) REFERENCES public.travel_planner_app_country(id) DEFERRABLE INITIALLY DEFERRED;


--
-- Name: travel_planner_app_employee travel_planner_app_employee_user_id_5c2fb6c5_fk_auth_user_id; Type: FK CONSTRAINT; Schema: public; Owner: postgres
--

ALTER TABLE ONLY public.travel_planner_app_employee
    ADD CONSTRAINT travel_planner_app_employee_user_id_5c2fb6c5_fk_auth_user_id FOREIGN KEY (user_id) REFERENCES public.auth_user(id) DEFERRABLE INITIALLY DEFERRED;


--
-- Name: travel_planner_app_hotel travel_planner_app_h_city_id_e11da195_fk_travel_pl; Type: FK CONSTRAINT; Schema: public; Owner: postgres
--

ALTER TABLE ONLY public.travel_planner_app_hotel
    ADD CONSTRAINT travel_planner_app_h_city_id_e11da195_fk_travel_pl FOREIGN KEY (city_id) REFERENCES public.travel_planner_app_city(id) DEFERRABLE INITIALLY DEFERRED;


--
-- Name: travel_planner_app_hotelbooking travel_planner_app_h_hotel_id_ddc9e7fb_fk_travel_pl; Type: FK CONSTRAINT; Schema: public; Owner: postgres
--

ALTER TABLE ONLY public.travel_planner_app_hotelbooking
    ADD CONSTRAINT travel_planner_app_h_hotel_id_ddc9e7fb_fk_travel_pl FOREIGN KEY (hotel_id) REFERENCES public.travel_planner_app_hotel(id) DEFERRABLE INITIALLY DEFERRED;


--
-- Name: travel_planner_app_hotelbooking travel_planner_app_h_travel_booking_summa_b95ba8f1_fk_travel_pl; Type: FK CONSTRAINT; Schema: public; Owner: postgres
--

ALTER TABLE ONLY public.travel_planner_app_hotelbooking
    ADD CONSTRAINT travel_planner_app_h_travel_booking_summa_b95ba8f1_fk_travel_pl FOREIGN KEY (travel_booking_summary_id) REFERENCES public.travel_planner_app_travelbookingsummary(id) DEFERRABLE INITIALLY DEFERRED;


--
-- Name: travel_planner_app_travelcalendar travel_planner_app_t_city_from_id_246fa684_fk_travel_pl; Type: FK CONSTRAINT; Schema: public; Owner: postgres
--

ALTER TABLE ONLY public.travel_planner_app_travelcalendar
    ADD CONSTRAINT travel_planner_app_t_city_from_id_246fa684_fk_travel_pl FOREIGN KEY (city_from_id) REFERENCES public.travel_planner_app_city(id) DEFERRABLE INITIALLY DEFERRED;


--
-- Name: travel_planner_app_travelcalendar travel_planner_app_t_employee_id_4068ba9d_fk_travel_pl; Type: FK CONSTRAINT; Schema: public; Owner: postgres
--

ALTER TABLE ONLY public.travel_planner_app_travelcalendar
    ADD CONSTRAINT travel_planner_app_t_employee_id_4068ba9d_fk_travel_pl FOREIGN KEY (employee_id) REFERENCES public.travel_planner_app_employee(id) DEFERRABLE INITIALLY DEFERRED;


--
-- Name: travel_planner_app_ticket travel_planner_app_t_travel_booking_summa_f5180954_fk_travel_pl; Type: FK CONSTRAINT; Schema: public; Owner: postgres
--

ALTER TABLE ONLY public.travel_planner_app_ticket
    ADD CONSTRAINT travel_planner_app_t_travel_booking_summa_f5180954_fk_travel_pl FOREIGN KEY (travel_booking_summary_id) REFERENCES public.travel_planner_app_travelbookingsummary(id) DEFERRABLE INITIALLY DEFERRED;


--
-- Name: travel_planner_app_travelbookingsummary travel_planner_app_t_travel_calendar_id_d5d3fa96_fk_travel_pl; Type: FK CONSTRAINT; Schema: public; Owner: postgres
--

ALTER TABLE ONLY public.travel_planner_app_travelbookingsummary
    ADD CONSTRAINT travel_planner_app_t_travel_calendar_id_d5d3fa96_fk_travel_pl FOREIGN KEY (travel_calendar_id) REFERENCES public.travel_planner_app_travelcalendar(id) DEFERRABLE INITIALLY DEFERRED;


--
-- Name: travel_planner_app_visa travel_planner_app_v_travel_booking_summa_9c3ac1d3_fk_travel_pl; Type: FK CONSTRAINT; Schema: public; Owner: postgres
--

ALTER TABLE ONLY public.travel_planner_app_visa
    ADD CONSTRAINT travel_planner_app_v_travel_booking_summa_9c3ac1d3_fk_travel_pl FOREIGN KEY (travel_booking_summary_id) REFERENCES public.travel_planner_app_travelbookingsummary(id) DEFERRABLE INITIALLY DEFERRED;


--
-- PostgreSQL database dump complete
--

